"","Int.l.Plan","VMail.Plan","Day.Mins","CustServ.Calls","Churn."
"1","no","yes",265.1,1,"False."
"4","yes","no",299.4,2,"False."
"5","yes","no",166.7,3,"False."
"6","yes","no",223.4,0,"False."
"7","no","yes",218.2,3,"False."
"10","yes","yes",258.6,0,"False."
"12","no","no",187.7,0,"False."
"13","no","no",128.8,1,"False."
"14","no","no",156.6,3,"False."
"15","no","no",120.7,4,"False."
"18","no","no",190.7,3,"False."
"20","no","no",224.4,1,"False."
"21","no","no",155.1,0,"False."
"22","no","no",62.4,5,"True."
"23","no","no",183,0,"False."
"24","no","no",110.4,2,"False."
"25","no","no",81.1,0,"False."
"26","no","no",124.3,3,"False."
"27","no","yes",213,0,"False."
"28","no","no",134.3,3,"False."
"30","no","no",119.3,1,"False."
"31","no","no",84.8,2,"False."
"32","no","no",226.1,1,"False."
"33","no","no",212,3,"False."
"35","no","yes",176.8,0,"False."
"36","no","yes",220,3,"False."
"37","no","yes",146.3,0,"False."
"38","no","no",130.8,1,"False."
"39","yes","yes",203.9,3,"False."
"42","yes","yes",173.1,0,"True."
"43","no","no",124.8,2,"False."
"44","no","no",85.8,3,"False."
"45","no","no",154,1,"False."
"46","no","yes",120.9,2,"False."
"47","no","no",211.3,3,"False."
"48","no","no",187,2,"False."
"50","no","yes",133.2,1,"False."
"53","no","no",186.1,2,"False."
"54","no","no",160.2,2,"False."
"55","no","no",151,5,"True."
"56","no","no",175.5,1,"False."
"58","no","yes",198.4,3,"True."
"60","no","no",229.3,1,"False."
"63","no","yes",193.7,2,"False."
"64","no","yes",180.7,3,"False."
"65","no","no",131.2,2,"False."
"66","no","yes",148.1,2,"False."
"67","yes","no",251.5,0,"False."
"69","no","no",211.6,1,"False."
"70","no","no",178.9,4,"True."
"72","no","yes",224.9,0,"False."
"73","no","no",248.6,3,"False."
"74","no","no",203.4,1,"False."
"76","no","no",157.1,1,"False."
"78","no","no",61.6,4,"True."
"81","no","no",201.1,1,"False."
"82","yes","no",215.4,3,"False."
"86","no","yes",179.3,0,"False."
"87","no","no",157.9,4,"True."
"88","no","no",214.3,1,"False."
"89","no","yes",154.1,2,"False."
"90","no","no",237.9,1,"True."
"91","no","no",143.9,1,"False."
"92","no","no",203.4,0,"True."
"93","no","no",124.3,1,"False."
"95","no","no",179.1,3,"False."
"96","no","no",278.4,1,"False."
"97","no","no",160.1,0,"False."
"98","no","no",198.2,4,"False."
"99","no","no",212.1,1,"True."
"100","no","no",251.8,2,"True."
"101","no","yes",161.2,4,"False."
"102","no","no",178.3,0,"False."
"103","no","no",151.7,0,"False."
"104","no","no",135,1,"False."
"105","no","no",170.5,1,"False."
"106","no","no",238.1,4,"False."
"107","no","yes",281.4,2,"False."
"108","no","yes",117.9,1,"False."
"109","no","yes",148.6,1,"False."
"110","no","no",229.8,3,"False."
"112","no","no",185,2,"False."
"114","no","no",126.7,1,"False."
"115","no","no",58.9,1,"False."
"116","yes","yes",196.8,0,"True."
"122","no","yes",213.8,0,"False."
"123","no","no",190.7,3,"False."
"124","no","no",170.9,1,"False."
"125","no","no",154.2,2,"False."
"126","no","no",201.4,1,"False."
"127","no","no",70.7,4,"True."
"130","no","yes",214.2,3,"False."
"131","no","no",145.5,3,"False."
"133","no","no",231,1,"False."
"134","no","no",200.3,4,"False."
"137","no","yes",175.8,5,"False."
"138","no","no",203.1,3,"False."
"140","no","yes",205,2,"False."
"142","no","yes",200.3,0,"False."
"144","no","no",246.5,1,"False."
"145","yes","no",167.1,2,"True."
"146","no","no",231.9,3,"False."
"147","no","no",146.7,1,"False."
"148","yes","no",271.5,1,"False."
"149","no","no",181.5,1,"False."
"150","no","yes",257.7,2,"False."
"151","no","no",193.8,1,"False."
"153","no","no",187.9,1,"False."
"154","no","no",226,1,"False."
"155","no","no",260.4,5,"False."
"156","no","no",178.7,0,"False."
"157","no","no",337.4,0,"True."
"158","no","yes",157.6,0,"False."
"159","no","no",183.6,1,"False."
"160","no","yes",142.1,1,"False."
"161","no","no",136.3,0,"False."
"162","no","no",217.1,0,"False."
"163","no","yes",187.5,3,"False."
"164","no","no",98.9,1,"False."
"165","no","no",206.3,1,"False."
"166","no","yes",243.1,2,"False."
"167","no","yes",189.8,1,"False."
"168","no","no",202,1,"False."
"170","no","no",230.9,0,"False."
"171","no","no",237.1,1,"False."
"172","no","yes",182.1,2,"False."
"173","no","no",119.3,3,"False."
"174","no","no",116.8,1,"False."
"175","no","no",219.2,0,"False."
"176","no","no",252.6,2,"False."
"177","no","no",147.1,0,"False."
"178","no","no",202.1,2,"False."
"179","no","no",173.5,3,"False."
"180","no","no",232.1,3,"False."
"181","yes","yes",197.1,4,"False."
"182","no","no",58.2,5,"True."
"183","no","yes",115.6,2,"False."
"184","no","no",186.1,2,"False."
"185","yes","no",259.9,3,"False."
"186","no","no",214.3,1,"False."
"187","no","no",158.7,1,"False."
"189","no","no",160.6,1,"False."
"190","no","no",232.4,1,"False."
"191","no","no",133.8,0,"False."
"192","no","no",176.9,1,"False."
"193","no","no",209.9,2,"False."
"194","no","no",137.5,0,"False."
"195","no","yes",289.5,1,"False."
"196","no","yes",198.1,1,"False."
"199","yes","yes",292.9,4,"True."
"200","no","no",83,0,"False."
"201","no","yes",145.7,3,"False."
"202","no","no",182.3,2,"False."
"203","no","no",218,3,"False."
"204","no","no",140.6,2,"False."
"206","no","yes",106.7,1,"False."
"210","no","no",217.2,3,"False."
"212","yes","no",203.5,0,"False."
"213","no","yes",155.2,1,"False."
"214","no","yes",167.6,1,"False."
"216","no","no",179.3,3,"False."
"217","no","no",151.4,0,"False."
"218","no","no",180,3,"False."
"219","no","no",250.2,1,"True."
"220","no","no",223,0,"False."
"221","no","no",183.6,3,"False."
"222","no","yes",166,1,"False."
"223","no","no",136.1,1,"False."
"224","no","no",149.3,2,"False."
"225","no","no",65.4,2,"False."
"226","no","no",213.4,1,"False."
"227","no","no",206.9,3,"False."
"229","no","yes",280.2,4,"False."
"230","no","yes",196.6,0,"False."
"231","yes","no",312,0,"True."
"233","no","no",203.1,3,"False."
"234","no","no",168.8,0,"False."
"235","yes","no",173.1,1,"False."
"236","no","no",134.4,5,"True."
"237","no","yes",202.6,2,"False."
"240","no","no",192.2,1,"False."
"242","yes","no",135.1,2,"True."
"243","no","no",253.4,1,"False."
"244","no","no",225,3,"False."
"245","no","no",198.5,0,"True."
"246","no","no",110.3,0,"False."
"247","no","yes",60,0,"False."
"248","no","no",214.8,0,"False."
"249","no","no",181.8,4,"False."
"250","no","yes",154,2,"False."
"251","no","yes",157.4,4,"True."
"252","no","no",207.9,4,"False."
"253","no","no",207,3,"False."
"254","no","yes",119,0,"False."
"257","no","no",138.6,1,"False."
"258","no","no",84.7,1,"False."
"260","no","no",155.2,1,"False."
"261","no","yes",164.9,1,"False."
"262","no","no",134.5,1,"False."
"263","no","no",143.3,1,"False."
"264","no","no",168.3,1,"False."
"265","no","no",262.4,2,"False."
"268","no","no",138.3,3,"False."
"269","no","yes",94.4,0,"False."
"270","yes","no",160,2,"False."
"273","no","yes",214.4,3,"False."
"274","no","no",192.8,3,"False."
"275","no","yes",151.1,1,"False."
"277","yes","no",218.9,0,"False."
"278","no","yes",189.8,2,"True."
"279","no","yes",192.7,2,"False."
"280","yes","no",204.4,3,"False."
"281","no","no",172.3,2,"False."
"282","no","no",198.4,2,"False."
"283","no","yes",211.7,1,"False."
"284","no","yes",221.6,1,"False."
"285","no","no",197.9,3,"False."
"286","no","yes",147.5,2,"False."
"288","no","no",205.9,2,"False."
"289","no","no",207.6,0,"False."
"290","no","no",303.9,1,"True."
"291","no","yes",230.6,0,"False."
"292","no","no",99.5,0,"False."
"293","no","no",177.1,1,"False."
"294","no","yes",172.7,5,"True."
"295","no","yes",172.7,1,"False."
"296","no","no",204.2,1,"False."
"297","no","no",85.7,2,"False."
"298","no","no",157.6,0,"False."
"299","no","no",215.5,4,"False."
"300","no","no",181.5,1,"False."
"301","no","no",171.7,2,"False."
"303","no","no",170.4,0,"True."
"304","no","no",158,1,"False."
"306","no","no",234,2,"False."
"307","no","no",272.1,1,"True."
"308","no","no",296.4,4,"True."
"311","no","no",248.7,1,"True."
"312","no","yes",236.3,1,"False."
"313","no","no",205.6,0,"False."
"314","no","no",94.1,0,"False."
"315","no","no",125.2,0,"False."
"316","no","no",60.4,1,"False."
"317","no","yes",121,2,"False."
"318","no","yes",117.8,3,"False."
"320","yes","yes",223.5,2,"True."
"321","no","no",176.3,0,"False."
"322","no","yes",125.2,1,"False."
"323","no","no",138.7,0,"False."
"324","no","no",86.3,1,"False."
"325","no","no",207,3,"False."
"326","no","yes",58.8,0,"False."
"328","no","yes",239.2,1,"False."
"329","no","no",198.3,0,"False."
"330","no","no",205.2,0,"False."
"331","no","no",192.1,3,"False."
"332","no","no",272.6,1,"True."
"333","no","no",128.3,7,"True."
"334","no","no",169.6,0,"False."
"335","no","no",201.3,1,"False."
"336","no","yes",214.7,1,"False."
"338","no","no",194.1,2,"False."
"339","no","no",233.8,2,"False."
"341","no","no",213,1,"True."
"342","no","no",183.9,1,"False."
"343","no","yes",221.8,0,"False."
"346","no","no",260.2,3,"False."
"347","no","yes",161.6,1,"False."
"348","no","no",220.6,1,"False."
"349","no","yes",155.9,3,"False."
"351","no","no",182.5,4,"False."
"353","no","no",152.2,1,"False."
"354","no","no",181.5,2,"False."
"355","yes","no",236.2,2,"True."
"357","yes","no",244.6,1,"False."
"358","no","yes",134.2,2,"False."
"359","yes","yes",149.7,1,"False."
"360","no","yes",150.1,1,"False."
"361","yes","no",257.1,1,"True."
"363","no","yes",141.7,1,"False."
"364","no","no",230,2,"False."
"365","no","no",162.3,0,"False."
"366","no","no",350.8,1,"True."
"367","no","no",193.3,4,"False."
"368","no","no",78.2,1,"False."
"369","no","no",83.4,1,"False."
"370","no","no",195.6,0,"False."
"372","no","no",197,2,"False."
"373","yes","no",218,0,"True."
"374","no","no",164.8,2,"False."
"376","no","yes",214,0,"False."
"377","no","no",170.5,2,"False."
"378","no","no",205.7,1,"False."
"379","yes","no",165.5,1,"True."
"380","no","no",221,2,"False."
"381","no","no",242.1,3,"False."
"384","yes","yes",196,1,"False."
"387","no","no",146.7,3,"False."
"389","no","no",102,1,"False."
"390","no","no",126,3,"False."
"391","no","no",168.4,1,"False."
"392","no","no",105.6,0,"False."
"393","no","no",206.5,5,"False."
"394","no","no",217.1,2,"False."
"395","no","no",229.6,0,"True."
"397","no","no",138.6,0,"False."
"398","no","no",234.4,1,"True."
"399","no","no",181.5,1,"False."
"400","no","no",167.3,1,"True."
"401","no","yes",121,1,"False."
"402","no","no",221.1,0,"False."
"404","no","no",222.8,1,"False."
"405","no","no",183.4,4,"False."
"406","yes","no",264.3,0,"False."
"408","no","no",157.1,4,"True."
"409","yes","no",127.3,1,"False."
"410","no","no",187.9,2,"False."
"411","no","no",178.8,2,"False."
"414","no","no",256.5,3,"False."
"415","no","no",169.5,0,"False."
"417","yes","no",171.5,1,"True."
"418","no","no",239.9,0,"False."
"419","no","yes",142.3,1,"False."
"420","no","no",184.1,2,"False."
"421","no","yes",206.9,2,"False."
"422","no","no",259.9,1,"False."
"423","no","no",203.8,0,"False."
"425","no","yes",221.6,1,"False."
"426","yes","no",192.9,1,"False."
"427","no","no",122.4,1,"False."
"429","no","no",173.2,3,"False."
"430","no","no",119.4,2,"False."
"433","no","no",243.4,1,"False."
"434","no","no",155,2,"False."
"435","no","yes",288.7,0,"False."
"439","no","no",155,1,"False."
"440","no","no",153.5,2,"False."
"442","no","no",155.3,0,"False."
"443","no","yes",133.1,1,"False."
"444","no","no",246.8,1,"False."
"445","yes","no",165.4,2,"False."
"446","no","no",59.5,0,"False."
"447","no","no",138.3,3,"False."
"448","no","no",286.7,2,"False."
"449","no","no",117.3,1,"False."
"451","no","no",127.9,0,"False."
"452","no","yes",225.5,0,"False."
"454","no","yes",198.9,1,"False."
"455","no","no",256.4,1,"True."
"456","no","no",264.8,1,"True."
"459","no","yes",190.6,3,"False."
"462","no","no",147.9,3,"False."
"463","no","yes",106.4,1,"False."
"464","no","no",133.7,0,"False."
"465","no","yes",193.5,0,"False."
"466","yes","no",178.2,3,"True."
"467","no","yes",226.2,3,"True."
"468","no","no",170.4,1,"False."
"469","no","yes",70.9,3,"False."
"470","no","yes",194.4,2,"False."
"471","no","no",240.3,1,"False."
"474","no","yes",96.6,4,"True."
"475","no","yes",214.6,0,"False."
"477","no","no",258.1,1,"False."
"479","no","no",149.8,1,"False."
"481","no","no",181.4,1,"False."
"482","no","no",151.1,1,"False."
"483","no","no",155.7,0,"False."
"484","no","no",149.9,2,"False."
"485","no","no",222.3,3,"False."
"487","yes","no",233.8,0,"False."
"488","no","no",204.2,0,"False."
"490","no","no",150.4,1,"False."
"491","no","no",208.9,0,"False."
"493","yes","no",130.7,2,"True."
"495","no","no",273.6,1,"False."
"497","no","yes",178.7,2,"False."
"498","no","no",177.5,2,"False."
"500","no","no",175.2,1,"False."
"504","yes","yes",217.2,0,"False."
"505","no","no",206.3,0,"False."
"506","no","no",159.3,1,"False."
"509","no","yes",186.6,1,"False."
"510","no","yes",170.8,5,"True."
"512","no","no",198.3,3,"False."
"513","no","no",172.8,2,"False."
"517","no","no",98.2,2,"False."
"518","no","no",214.7,2,"False."
"519","no","no",168.2,1,"False."
"520","no","no",202.9,3,"False."
"525","no","no",231.3,1,"False."
"526","no","no",47.4,2,"False."
"527","no","no",227.4,0,"False."
"529","no","no",124.8,2,"False."
"530","yes","no",68.5,0,"False."
"531","no","yes",163.5,2,"False."
"532","no","no",163,2,"False."
"533","no","yes",213.7,2,"False."
"534","no","yes",201.3,1,"False."
"536","no","no",48.4,1,"False."
"537","no","yes",171.2,1,"False."
"538","no","yes",166.5,0,"False."
"540","no","no",107.8,2,"False."
"541","no","yes",141.3,1,"False."
"542","no","yes",209.9,0,"False."
"544","no","no",234.5,3,"False."
"546","no","yes",129.5,1,"False."
"547","yes","no",279.8,2,"True."
"548","yes","yes",136.8,5,"True."
"549","no","yes",100.1,0,"False."
"550","no","yes",237.1,4,"False."
"551","no","no",172.8,4,"True."
"552","no","no",224.5,2,"False."
"553","no","no",288.1,3,"True."
"554","yes","no",78.2,2,"False."
"555","no","no",148.7,2,"False."
"557","no","no",159.5,0,"False."
"558","no","yes",194.5,1,"False."
"559","no","no",174.1,2,"True."
"560","no","no",131.8,2,"False."
"561","no","no",160.6,1,"False."
"562","no","yes",146.8,0,"False."
"563","no","yes",200.7,1,"False."
"566","no","no",211,3,"False."
"567","no","yes",121.5,2,"False."
"571","no","no",181.5,1,"False."
"573","yes","no",62.3,1,"False."
"574","no","yes",228.6,3,"False."
"575","no","no",228.1,2,"True."
"576","no","yes",309.9,1,"False."
"579","no","yes",183.8,1,"False."
"580","no","yes",186.7,1,"False."
"581","no","no",209.4,1,"True."
"583","no","no",164.2,1,"False."
"586","no","no",55.3,1,"False."
"587","yes","no",221.8,1,"False."
"588","no","no",169.6,1,"False."
"589","no","no",89.7,5,"True."
"590","no","yes",80.2,1,"False."
"591","no","no",218.9,2,"False."
"592","no","no",125.7,1,"False."
"593","no","no",176.3,2,"False."
"596","no","yes",151.4,1,"False."
"598","no","no",160.4,2,"False."
"599","no","no",159,1,"False."
"600","no","yes",214.1,0,"False."
"601","no","no",102.6,2,"False."
"602","yes","no",159.7,0,"True."
"603","no","no",202.8,1,"False."
"606","no","no",335.5,2,"True."
"607","no","no",139.5,0,"False."
"608","no","yes",142.3,1,"False."
"609","no","no",187.8,0,"False."
"610","no","no",146.2,3,"False."
"611","no","no",231.8,3,"False."
"612","no","no",193.7,1,"False."
"613","no","no",156.4,4,"False."
"614","yes","yes",220.7,1,"True."
"615","no","yes",239.8,2,"False."
"616","no","yes",172,1,"False."
"617","yes","yes",128.2,2,"False."
"618","no","no",130.2,3,"False."
"619","no","no",195.4,1,"False."
"623","no","yes",209.6,2,"False."
"624","no","no",215.7,3,"False."
"626","no","no",144.2,3,"False."
"627","yes","yes",220.2,0,"True."
"628","no","no",256.2,4,"False."
"629","no","no",112.7,1,"False."
"630","no","no",299.5,0,"True."
"631","no","no",194.8,0,"False."
"632","no","no",100.8,0,"False."
"633","no","yes",82.5,3,"False."
"634","no","yes",146.4,2,"False."
"635","no","no",177.9,2,"False."
"637","no","no",150.7,1,"False."
"638","no","yes",180.1,0,"False."
"640","no","no",128.6,0,"False."
"641","no","no",161.5,2,"False."
"642","no","no",165.3,1,"False."
"643","no","no",195,0,"False."
"644","no","no",213.8,0,"False."
"645","no","yes",205.5,1,"False."
"646","no","yes",252.9,3,"False."
"647","no","yes",235.6,0,"False."
"649","no","yes",69.1,0,"False."
"650","no","no",261.7,3,"True."
"651","no","no",235.5,2,"False."
"652","no","no",213.4,1,"False."
"654","no","yes",263.8,3,"False."
"655","no","yes",183.4,1,"False."
"656","no","no",157.6,5,"True."
"657","no","no",175.6,0,"False."
"658","no","no",242.5,2,"False."
"659","no","no",151,0,"False."
"661","no","no",264.7,1,"True."
"662","no","yes",282.3,1,"False."
"663","no","no",211.2,0,"False."
"664","no","no",197.1,3,"False."
"666","no","yes",181.8,2,"False."
"667","no","no",252,2,"False."
"668","no","no",193.8,0,"False."
"669","no","no",231.2,1,"False."
"670","no","yes",200.1,0,"False."
"671","no","yes",266.7,1,"False."
"672","no","yes",118.1,2,"False."
"673","no","no",175.3,0,"False."
"674","no","no",125.1,3,"False."
"675","no","no",176.8,1,"False."
"676","no","no",241.9,1,"False."
"677","no","no",241.2,0,"False."
"678","no","no",217.1,1,"False."
"679","no","no",195.4,0,"False."
"681","no","no",189.5,1,"False."
"682","no","no",123.1,0,"False."
"684","no","no",159.1,1,"False."
"686","no","yes",30.9,1,"False."
"687","no","no",223.2,3,"False."
"688","no","no",187.4,1,"False."
"689","no","yes",315.6,3,"False."
"690","no","no",277.5,1,"False."
"692","no","no",147.2,1,"False."
"693","no","no",185.8,4,"False."
"694","no","yes",155.4,3,"False."
"695","no","no",154.2,6,"False."
"696","no","no",97.6,1,"False."
"697","no","no",178.8,1,"False."
"700","no","no",216.8,0,"False."
"701","no","no",103.3,0,"False."
"702","no","no",139.4,0,"False."
"703","no","no",191.2,1,"False."
"704","no","yes",160,1,"False."
"705","no","no",221.7,3,"False."
"706","no","no",62.9,1,"False."
"707","no","no",215.6,1,"False."
"710","no","no",203.2,2,"False."
"712","no","no",143.7,4,"False."
"714","no","no",222.8,2,"False."
"715","no","yes",175.9,2,"False."
"716","yes","no",249.9,1,"True."
"717","yes","yes",234.5,2,"False."
"718","no","no",210.7,1,"False."
"720","no","no",190.3,2,"False."
"721","no","yes",177.1,0,"False."
"722","no","yes",87.2,6,"True."
"723","no","no",215.6,1,"False."
"724","no","no",137.4,3,"False."
"725","no","yes",192.8,1,"False."
"726","no","no",149.3,2,"False."
"729","no","yes",261.2,2,"False."
"730","no","yes",196.5,0,"False."
"731","no","no",271.2,3,"True."
"732","no","no",207.2,2,"False."
"734","no","yes",229.6,2,"False."
"735","yes","yes",187.5,1,"False."
"736","yes","no",57.1,3,"False."
"737","no","no",162.1,5,"True."
"738","yes","no",145,2,"True."
"739","no","no",159.5,1,"False."
"740","no","no",190.7,1,"False."
"741","no","yes",230.6,1,"False."
"742","no","no",34,0,"False."
"743","no","yes",193.4,5,"False."
"744","no","no",202,1,"False."
"745","no","no",191.7,1,"False."
"746","no","yes",161.3,1,"False."
"747","no","no",150.6,1,"False."
"749","no","no",220.7,1,"False."
"751","no","yes",154,3,"False."
"752","no","yes",121.1,0,"False."
"754","no","no",109.6,2,"False."
"755","no","no",209.9,1,"False."
"756","no","no",167.5,2,"False."
"757","no","no",213.9,2,"False."
"758","no","no",115.8,1,"False."
"759","no","yes",276.6,2,"False."
"761","no","no",187.3,1,"False."
"762","no","no",201.2,2,"False."
"764","no","yes",186.8,0,"False."
"766","no","no",187.6,2,"False."
"767","yes","no",230.9,0,"True."
"769","no","no",230.9,3,"False."
"771","no","no",170.7,1,"False."
"772","yes","yes",126.9,5,"True."
"773","no","no",189.5,0,"False."
"775","no","no",161.1,1,"False."
"777","no","yes",254.4,0,"False."
"778","yes","yes",127.7,2,"False."
"779","no","yes",170.5,6,"False."
"781","yes","no",273.5,2,"False."
"782","yes","no",161.9,1,"False."
"783","no","yes",241.7,1,"False."
"784","yes","no",62.8,3,"False."
"786","no","no",228.2,3,"False."
"787","no","no",209.8,0,"False."
"788","no","no",265.6,2,"True."
"789","no","no",214.9,2,"False."
"790","no","no",110.5,3,"False."
"792","no","no",137.8,2,"False."
"793","yes","yes",271.5,1,"True."
"794","no","no",112.8,2,"False."
"796","no","no",197,1,"False."
"797","no","yes",180.4,1,"False."
"798","yes","no",148.5,1,"True."
"799","no","yes",197.1,2,"False."
"800","no","yes",153.7,1,"False."
"801","no","yes",261.3,1,"False."
"802","no","no",246.2,1,"False."
"803","no","no",191,0,"False."
"804","no","no",208.3,1,"False."
"805","no","no",253,0,"False."
"807","no","no",174.4,0,"False."
"808","no","yes",127.1,1,"False."
"809","yes","yes",143.5,0,"False."
"810","no","yes",186.9,1,"False."
"812","no","no",234.8,0,"False."
"814","no","no",173.9,0,"False."
"815","no","yes",130.9,1,"False."
"817","no","no",227.9,1,"False."
"818","no","no",95.5,2,"False."
"819","no","no",185.3,1,"False."
"820","no","no",146.3,1,"False."
"822","no","no",105.8,0,"False."
"824","no","yes",149.4,1,"False."
"826","no","no",172.1,1,"False."
"827","yes","no",169.3,1,"False."
"828","no","no",119.1,0,"False."
"829","no","no",194.2,2,"False."
"831","yes","no",167.7,3,"True."
"832","no","no",202.2,2,"False."
"834","no","no",216.2,0,"False."
"835","no","no",76.4,3,"False."
"837","no","yes",210.4,0,"False."
"838","yes","yes",127.2,0,"False."
"839","no","yes",201.8,1,"False."
"840","no","yes",219.5,1,"False."
"841","no","no",99.3,3,"False."
"842","no","no",239.2,5,"False."
"843","yes","no",120.9,2,"False."
"845","no","yes",176.6,1,"False."
"846","no","yes",283.9,1,"False."
"849","no","no",237.6,0,"False."
"850","no","no",198.4,2,"False."
"852","yes","no",199.6,3,"True."
"854","no","no",134.7,3,"False."
"855","no","yes",212.7,2,"False."
"856","no","no",256.3,2,"False."
"857","no","no",183.6,1,"False."
"859","no","yes",205,1,"False."
"861","no","no",179.2,2,"False."
"862","no","no",149.4,1,"False."
"864","no","no",207.6,1,"False."
"869","no","no",196.5,0,"False."
"870","yes","no",180.9,2,"False."
"871","no","no",105,0,"False."
"872","no","no",271.4,4,"True."
"873","no","yes",206.7,1,"False."
"874","no","no",166.8,1,"False."
"875","no","no",204.9,5,"False."
"876","no","yes",154.6,1,"False."
"877","no","no",127,1,"False."
"878","yes","no",267.4,1,"False."
"879","no","no",281,1,"False."
"880","no","yes",270.8,4,"False."
"883","no","no",162.8,1,"False."
"884","no","no",146.3,1,"False."
"885","no","no",254.8,2,"False."
"886","no","yes",254.9,2,"False."
"887","no","yes",107.7,0,"False."
"889","no","no",182.9,2,"False."
"890","no","no",198.5,0,"False."
"891","no","no",178.4,0,"False."
"892","no","no",110.9,1,"False."
"893","no","yes",166.9,1,"True."
"894","yes","no",244.8,2,"False."
"895","no","no",120.8,4,"True."
"896","no","no",165.3,2,"False."
"897","no","no",126.7,2,"False."
"898","no","yes",215.9,0,"False."
"899","no","no",140.1,1,"False."
"900","no","yes",209.9,1,"False."
"901","yes","yes",139.8,0,"False."
"902","no","no",321.6,2,"True."
"904","no","no",214.2,0,"False."
"905","no","no",260,1,"True."
"906","no","no",191.9,4,"True."
"908","no","yes",118.1,1,"False."
"909","no","no",190.2,6,"False."
"910","no","yes",82.2,0,"False."
"911","no","yes",163.8,0,"False."
"913","no","no",159.8,2,"False."
"914","no","yes",214.3,1,"False."
"915","no","no",287.3,0,"True."
"916","no","no",101.2,2,"False."
"917","no","no",102.8,2,"False."
"918","no","no",109.1,0,"False."
"919","no","no",215.9,1,"False."
"921","no","no",110.1,1,"False."
"922","no","no",111,1,"False."
"923","no","no",239.9,1,"False."
"924","no","no",144.8,1,"False."
"925","no","no",135.4,1,"False."
"926","no","no",84.2,1,"False."
"929","no","yes",175.8,2,"False."
"931","no","no",136.7,0,"False."
"932","no","no",67.7,1,"False."
"933","no","no",200.4,1,"False."
"934","yes","no",125.8,1,"True."
"935","no","no",128.2,1,"False."
"936","no","no",226.3,4,"False."
"937","no","yes",162.3,0,"False."
"938","no","no",224.4,2,"False."
"939","no","no",120.5,1,"False."
"941","no","no",168.8,0,"False."
"942","no","no",153.5,2,"False."
"943","no","no",226.2,0,"False."
"944","no","no",191.9,1,"False."
"945","no","yes",167.9,4,"True."
"947","no","no",257.4,2,"True."
"948","no","yes",174.4,1,"False."
"949","no","no",159.7,1,"False."
"950","no","no",237.2,1,"False."
"951","no","no",103,1,"False."
"952","no","no",153.8,4,"False."
"953","no","no",205.1,3,"False."
"955","no","no",155.9,2,"False."
"956","no","yes",154.4,0,"False."
"957","no","yes",209.7,2,"False."
"958","yes","no",150,0,"False."
"959","no","yes",232.4,3,"False."
"960","no","no",165.4,2,"False."
"961","no","no",199.2,3,"False."
"962","no","no",217.6,0,"False."
"963","no","no",212.1,3,"False."
"965","no","yes",193.8,1,"False."
"966","no","no",175.4,0,"False."
"967","no","yes",152,2,"True."
"968","no","no",230.2,0,"False."
"969","no","yes",174.9,1,"True."
"970","no","no",190.2,0,"False."
"971","no","no",176.4,1,"False."
"972","no","no",160.9,3,"False."
"973","no","no",228.7,1,"False."
"974","no","no",144,0,"False."
"975","no","yes",135.9,6,"False."
"976","no","no",334.3,0,"True."
"977","no","no",130.5,0,"False."
"978","no","yes",134.2,4,"True."
"979","no","no",278,4,"True."
"980","no","no",105.4,0,"False."
"982","no","yes",111.8,1,"False."
"983","no","yes",159.1,1,"False."
"985","no","no",142.3,1,"False."
"986","yes","no",346.8,1,"True."
"987","no","yes",113.9,1,"False."
"988","yes","yes",267.9,1,"True."
"989","no","no",171.4,3,"False."
"992","no","yes",192.6,2,"False."
"993","no","yes",91.7,1,"False."
"994","no","no",126.3,0,"False."
"995","no","yes",251.5,3,"False."
"996","no","no",190.6,1,"False."
"997","no","no",116.1,0,"False."
"998","no","no",217.3,2,"False."
"999","no","no",179.4,0,"False."
"1000","no","no",207.7,0,"False."
"1001","no","no",277.3,2,"True."
"1002","no","no",125.3,1,"False."
"1004","no","yes",169.3,0,"False."
"1006","yes","no",216.7,2,"False."
"1007","no","no",190.4,2,"False."
"1009","no","yes",97.4,2,"False."
"1013","no","no",104.9,2,"False."
"1016","no","no",232.5,0,"False."
"1017","no","no",143.6,1,"False."
"1018","no","no",176.7,2,"False."
"1019","no","no",263.4,1,"True."
"1020","no","no",146.4,1,"False."
"1021","no","yes",145,2,"False."
"1022","no","no",167.8,1,"False."
"1023","no","no",166.9,0,"False."
"1024","no","no",142.5,2,"False."
"1025","yes","no",133,1,"False."
"1026","no","yes",252.9,1,"False."
"1027","no","yes",95,2,"False."
"1028","yes","no",194.2,1,"True."
"1029","no","no",222.8,1,"False."
"1030","no","no",201.8,0,"False."
"1031","no","yes",216,2,"True."
"1032","no","no",146.3,1,"False."
"1034","no","no",198.6,2,"False."
"1035","no","no",94.4,2,"False."
"1037","no","yes",142.6,3,"False."
"1038","yes","no",134.2,0,"False."
"1039","no","no",111.9,5,"True."
"1041","no","no",189.3,4,"False."
"1043","yes","yes",93.5,0,"False."
"1044","no","no",158.6,3,"False."
"1045","yes","no",243.2,4,"False."
"1046","no","no",176.4,4,"False."
"1047","no","no",220.9,0,"False."
"1048","no","no",144.4,0,"False."
"1049","no","no",212.3,0,"False."
"1052","no","no",263.4,0,"False."
"1053","yes","no",12.5,1,"False."
"1054","no","no",162.3,2,"False."
"1055","no","no",183.6,1,"False."
"1056","no","no",178.1,1,"False."
"1057","no","no",201.4,0,"False."
"1058","no","yes",123,1,"False."
"1059","no","no",208,0,"False."
"1060","no","no",239.2,1,"False."
"1061","no","no",193,1,"False."
"1062","no","yes",174.5,1,"False."
"1063","no","yes",116.7,1,"False."
"1064","no","no",93.8,1,"False."
"1065","yes","yes",154.1,2,"False."
"1066","no","yes",239.5,0,"False."
"1067","no","yes",216,0,"False."
"1068","no","no",187.4,1,"False."
"1070","no","no",160.4,1,"False."
"1071","no","no",143.2,1,"False."
"1073","no","yes",219.1,1,"False."
"1074","no","no",143.2,1,"False."
"1078","no","no",154.2,4,"True."
"1080","no","no",209.9,1,"False."
"1081","no","no",191.5,0,"False."
"1082","no","yes",291.1,1,"False."
"1083","no","no",215.6,3,"False."
"1085","no","no",255.9,3,"False."
"1087","no","no",132.1,3,"False."
"1088","no","no",217,1,"False."
"1089","no","yes",101.9,0,"False."
"1090","no","no",211.5,2,"False."
"1091","no","no",153.4,0,"False."
"1092","no","no",166.3,2,"False."
"1095","no","no",245.2,0,"False."
"1098","no","yes",279.9,1,"False."
"1099","no","no",187.2,1,"False."
"1100","no","no",276.2,3,"False."
"1101","no","yes",200.4,1,"False."
"1102","no","no",162.3,2,"False."
"1104","no","no",165.5,0,"False."
"1107","no","no",190.5,3,"False."
"1108","no","yes",179.9,3,"False."
"1109","no","no",235.9,3,"False."
"1110","no","no",140.4,0,"False."
"1111","no","no",144.6,2,"False."
"1112","no","no",189,0,"False."
"1113","no","no",101,0,"False."
"1114","no","no",206.3,1,"False."
"1115","no","yes",165.1,1,"False."
"1116","no","no",165,1,"True."
"1117","no","no",155.9,3,"False."
"1120","no","no",208.3,3,"False."
"1121","no","no",157.1,1,"False."
"1122","no","no",154.4,5,"True."
"1123","no","no",189.1,1,"True."
"1125","no","no",166.4,1,"False."
"1126","no","no",142.3,2,"False."
"1128","no","yes",184.1,0,"False."
"1130","no","no",103.3,2,"False."
"1131","no","no",35.1,1,"False."
"1132","no","yes",246.6,1,"False."
"1133","no","yes",78.5,1,"False."
"1134","no","no",148.1,5,"True."
"1135","no","no",206.2,1,"False."
"1138","no","yes",156.6,1,"False."
"1139","no","no",139.4,1,"False."
"1140","no","no",220.2,2,"False."
"1141","no","yes",214.1,1,"False."
"1142","no","no",196,1,"False."
"1143","no","no",106.4,6,"True."
"1147","no","no",151.6,1,"False."
"1148","no","yes",262.2,0,"False."
"1149","no","no",173.6,3,"False."
"1150","yes","no",106.6,2,"False."
"1151","no","no",193.3,5,"True."
"1155","no","yes",214.6,1,"False."
"1156","no","no",131.6,4,"True."
"1157","no","no",168.4,1,"False."
"1158","no","no",146.4,1,"False."
"1159","yes","no",183,1,"False."
"1160","no","no",103.3,0,"False."
"1161","no","yes",112.2,0,"False."
"1162","yes","no",170.7,3,"False."
"1163","no","no",172.5,0,"False."
"1164","no","yes",194.3,1,"False."
"1165","no","yes",187.8,2,"False."
"1166","yes","yes",307.1,0,"False."
"1167","no","no",118.2,3,"False."
"1168","no","no",154,1,"False."
"1169","no","no",155.5,1,"False."
"1170","yes","no",125.6,1,"False."
"1171","no","no",199.3,0,"False."
"1172","no","no",157.9,1,"False."
"1173","no","no",203.4,2,"False."
"1177","no","no",193.2,4,"False."
"1178","no","no",113.2,3,"False."
"1181","no","no",207.8,0,"False."
"1183","no","no",287.1,3,"True."
"1184","no","yes",192.3,2,"False."
"1185","no","no",194.2,2,"False."
"1186","no","no",211,3,"False."
"1187","no","yes",141.9,0,"False."
"1189","no","no",157.4,1,"False."
"1190","no","yes",143.5,0,"False."
"1191","no","no",156,0,"False."
"1192","yes","no",160.1,2,"False."
"1193","yes","no",235.1,4,"True."
"1195","no","no",188.4,1,"False."
"1197","no","no",247.8,1,"False."
"1198","no","no",221.2,4,"False."
"1199","no","yes",118.5,2,"False."
"1200","no","yes",231.8,1,"False."
"1201","no","yes",215.9,1,"False."
"1202","no","yes",217.1,2,"False."
"1203","no","no",83.5,0,"False."
"1204","no","yes",183.3,1,"False."
"1205","yes","no",236.8,1,"True."
"1207","no","yes",134,0,"False."
"1208","no","yes",176.6,2,"False."
"1209","no","no",191.4,3,"False."
"1210","yes","yes",174.8,0,"False."
"1211","no","no",275.2,1,"False."
"1213","no","no",165,1,"False."
"1214","no","no",228.7,1,"False."
"1215","no","no",107.9,2,"False."
"1216","no","no",221.3,1,"False."
"1218","no","yes",166.4,4,"False."
"1219","no","yes",249.6,3,"False."
"1220","no","no",178.6,1,"False."
"1221","no","no",139,2,"False."
"1222","no","no",134.3,2,"False."
"1224","no","yes",181.6,1,"False."
"1225","no","no",178.4,1,"False."
"1228","no","yes",184.5,0,"False."
"1229","no","yes",161.2,1,"False."
"1230","no","no",84.9,2,"False."
"1231","no","no",217.9,1,"False."
"1232","no","no",270.9,0,"True."
"1233","no","no",243,0,"True."
"1234","no","no",128.2,0,"False."
"1235","no","no",126.3,2,"False."
"1236","no","no",178.7,4,"False."
"1237","no","no",159,0,"False."
"1238","no","no",150.9,3,"False."
"1239","yes","yes",219.9,3,"False."
"1240","no","no",168,2,"False."
"1241","no","yes",162.1,4,"True."
"1242","no","no",198.8,5,"False."
"1243","yes","no",256.8,3,"False."
"1244","no","yes",182.8,1,"False."
"1245","no","yes",196.8,1,"False."
"1246","no","no",140.1,2,"False."
"1247","no","no",194.3,5,"False."
"1248","no","no",117.6,1,"False."
"1249","yes","no",193.7,0,"False."
"1251","no","no",145.4,1,"False."
"1252","no","no",169.1,3,"False."
"1253","no","no",229.3,2,"False."
"1256","no","no",76.1,0,"False."
"1257","no","no",162.8,2,"False."
"1258","no","no",182.3,1,"False."
"1259","yes","no",194.4,2,"False."
"1260","no","yes",189.3,2,"False."
"1261","no","yes",160.1,3,"False."
"1263","no","no",220.7,4,"False."
"1265","no","no",147,1,"False."
"1266","no","yes",260.8,1,"False."
"1267","no","no",155.4,0,"False."
"1268","no","no",166.2,1,"False."
"1269","no","no",211.8,0,"False."
"1270","no","yes",130.5,4,"True."
"1271","no","no",162.7,0,"False."
"1272","yes","yes",237.1,1,"False."
"1273","no","no",166.2,4,"False."
"1276","no","yes",67.4,2,"False."
"1277","no","no",229.7,1,"True."
"1278","no","yes",176,1,"False."
"1279","no","no",247.7,0,"True."
"1282","no","no",162.6,0,"False."
"1283","no","no",229.4,4,"False."
"1284","no","no",139.6,2,"False."
"1285","no","no",263.8,5,"True."
"1289","no","no",253.2,1,"False."
"1290","no","no",98,0,"False."
"1291","no","no",249.4,0,"False."
"1292","no","yes",129.6,1,"False."
"1294","no","no",220.7,1,"False."
"1295","no","no",87.6,1,"False."
"1296","no","no",203.6,0,"False."
"1297","no","no",213.6,2,"False."
"1298","no","yes",181.6,2,"False."
"1299","no","yes",215.4,1,"False."
"1300","no","no",266.3,2,"True."
"1302","no","no",115,3,"False."
"1303","no","no",270.5,1,"True."
"1304","no","no",222.2,1,"False."
"1305","no","no",61.9,3,"False."
"1306","no","no",141.1,2,"False."
"1307","no","no",189.2,3,"True."
"1308","no","no",196,3,"False."
"1309","no","no",171.6,0,"False."
"1310","yes","no",174,2,"False."
"1311","no","no",78.6,1,"True."
"1313","no","no",141.3,1,"False."
"1314","no","no",235.8,2,"False."
"1315","no","no",185.1,3,"False."
"1317","no","no",183,2,"False."
"1318","no","yes",163.5,2,"False."
"1319","no","no",207.9,2,"False."
"1320","no","no",248.6,3,"False."
"1321","no","yes",185.4,2,"False."
"1324","no","no",197.1,0,"False."
"1325","no","no",154.6,2,"False."
"1326","no","yes",153.1,6,"True."
"1327","no","no",211.2,2,"False."
"1328","no","no",96.8,2,"True."
"1329","no","no",172,1,"False."
"1330","no","no",141.1,2,"False."
"1331","no","yes",151.1,2,"False."
"1332","no","no",209.6,3,"False."
"1334","no","yes",221.4,1,"False."
"1335","no","no",321.3,1,"True."
"1336","no","no",243.7,0,"False."
"1337","no","no",251.5,3,"False."
"1338","yes","no",236.9,0,"True."
"1339","no","no",159.7,2,"False."
"1340","yes","no",148.2,4,"True."
"1341","no","no",150.9,1,"False."
"1342","no","yes",210.5,1,"False."
"1344","no","no",254.7,0,"False."
"1346","no","no",0,4,"True."
"1347","yes","no",133.7,1,"True."
"1348","no","no",224.9,0,"False."
"1349","no","no",151.8,1,"False."
"1350","no","yes",141.4,2,"False."
"1352","no","no",58.4,1,"False."
"1353","no","yes",90.4,0,"False."
"1354","no","no",114.4,0,"False."
"1356","no","yes",302.7,3,"False."
"1357","no","no",136.1,1,"False."
"1360","no","no",217.8,1,"True."
"1361","no","no",124.2,2,"False."
"1363","no","no",132.9,3,"False."
"1364","no","yes",104.9,3,"False."
"1366","no","no",184.5,1,"False."
"1367","no","no",89.5,3,"False."
"1370","no","no",223.9,1,"False."
"1371","no","no",179.5,1,"False."
"1372","no","no",169.4,1,"False."
"1373","no","no",118.1,1,"False."
"1375","no","yes",168.4,0,"False."
"1376","no","yes",214.3,0,"False."
"1377","no","no",245.7,4,"True."
"1379","yes","yes",142.8,1,"False."
"1380","no","no",202.4,3,"False."
"1381","no","no",116.8,1,"False."
"1382","no","no",155.7,1,"False."
"1383","no","yes",236.1,2,"False."
"1384","no","yes",138.1,2,"False."
"1386","no","no",81.3,0,"False."
"1387","no","yes",171.5,0,"False."
"1389","yes","no",197.2,4,"False."
"1390","no","no",194.1,1,"False."
"1391","no","no",115.7,1,"False."
"1392","no","yes",157.2,3,"False."
"1393","no","no",269.7,3,"True."
"1394","no","no",246.4,0,"False."
"1395","no","no",227.4,1,"False."
"1396","no","no",189.8,0,"False."
"1397","yes","yes",188.9,4,"False."
"1398","no","no",0,1,"False."
"1399","no","yes",110.5,1,"False."
"1401","no","no",132,3,"False."
"1402","no","no",167.8,0,"False."
"1406","no","no",143.2,4,"True."
"1408","no","yes",82.3,6,"True."
"1410","no","yes",183.1,0,"False."
"1411","no","no",162.1,1,"False."
"1412","no","no",166.6,1,"False."
"1413","no","yes",135.9,1,"False."
"1414","no","yes",165.7,0,"False."
"1415","no","no",176.1,1,"False."
"1418","no","no",83.2,1,"False."
"1419","yes","yes",235,2,"False."
"1420","no","no",105.7,2,"False."
"1421","yes","no",149.4,3,"True."
"1424","yes","yes",95.9,1,"False."
"1425","no","no",140.7,0,"False."
"1429","yes","no",200.6,2,"False."
"1431","no","yes",198,1,"False."
"1432","no","no",239.8,1,"False."
"1433","no","no",164.5,0,"False."
"1434","no","no",220.9,1,"False."
"1435","no","yes",112.8,2,"False."
"1437","no","yes",226.4,1,"False."
"1438","yes","yes",244.9,4,"False."
"1439","no","no",203.2,2,"False."
"1441","no","no",152.6,1,"False."
"1442","no","yes",274.9,1,"False."
"1444","yes","no",204.3,1,"False."
"1446","no","yes",222.5,1,"False."
"1447","no","yes",128.8,2,"False."
"1448","no","no",174.3,0,"False."
"1450","no","no",221.6,4,"False."
"1451","no","no",114.3,0,"False."
"1453","no","no",144.9,2,"False."
"1456","no","no",109.5,1,"False."
"1457","no","yes",81.6,1,"False."
"1458","no","no",133.4,1,"False."
"1459","no","no",137.1,1,"False."
"1461","no","no",198.1,3,"False."
"1462","no","no",39.5,0,"False."
"1463","no","no",199.5,2,"False."
"1464","no","no",156.8,1,"False."
"1465","no","no",183.4,3,"False."
"1466","no","no",132.4,1,"False."
"1468","yes","yes",181.1,0,"True."
"1469","no","yes",117.5,3,"False."
"1470","no","yes",218.7,0,"False."
"1471","no","yes",207.3,1,"False."
"1472","no","no",150.6,0,"False."
"1473","yes","no",273.3,1,"True."
"1474","yes","no",266.1,1,"False."
"1475","no","no",112.8,0,"False."
"1476","no","no",104.7,3,"False."
"1477","no","yes",193.8,0,"False."
"1479","no","no",253.2,2,"False."
"1482","no","yes",204.5,2,"False."
"1483","no","no",226.5,3,"False."
"1484","yes","no",234.1,1,"False."
"1485","yes","no",133.3,3,"True."
"1487","no","no",160.2,0,"False."
"1489","no","no",227.4,2,"False."
"1491","no","no",196.1,1,"False."
"1492","no","no",197.1,1,"False."
"1493","no","no",219.6,1,"False."
"1494","no","yes",153.4,4,"True."
"1495","no","no",216,2,"False."
"1496","no","yes",222.9,0,"False."
"1498","no","no",189.8,1,"False."
"1499","no","no",154.7,0,"False."
"1501","no","no",170.5,1,"False."
"1502","no","no",272.4,0,"False."
"1503","no","yes",210,8,"False."
"1505","no","no",153.9,2,"False."
"1507","no","no",252.4,2,"False."
"1508","no","no",197.9,1,"False."
"1511","no","no",265.6,1,"False."
"1512","no","no",197.3,1,"False."
"1513","no","yes",199.1,1,"False."
"1515","no","no",183.1,1,"False."
"1516","no","no",139.4,2,"False."
"1518","no","no",207.1,1,"False."
"1521","no","yes",169.8,2,"False."
"1523","no","no",159.9,1,"False."
"1524","no","no",115.1,2,"False."
"1525","no","yes",136.8,2,"False."
"1527","no","yes",243.9,2,"False."
"1528","no","no",117.1,0,"False."
"1529","no","no",223.3,0,"True."
"1530","no","no",154.8,3,"False."
"1531","no","no",261.4,1,"True."
"1533","no","yes",149.9,0,"True."
"1535","no","no",259.4,1,"True."
"1538","yes","yes",156.5,4,"True."
"1539","no","no",61.2,5,"True."
"1540","yes","no",245.2,0,"False."
"1541","no","no",102.3,3,"False."
"1543","yes","no",227.4,0,"False."
"1544","no","no",192.8,1,"False."
"1546","no","yes",219.4,2,"False."
"1548","no","no",87.7,1,"False."
"1549","no","no",271.1,1,"False."
"1550","no","no",103.4,1,"False."
"1551","no","no",52.2,2,"False."
"1553","no","no",147.5,2,"False."
"1555","no","no",235.7,1,"False."
"1556","no","yes",204.5,2,"False."
"1557","no","no",178.4,0,"False."
"1558","no","yes",130.1,2,"False."
"1559","no","yes",103.7,2,"False."
"1561","no","no",148.4,0,"False."
"1563","no","no",191.1,0,"False."
"1565","no","no",97.5,1,"False."
"1566","no","no",128.7,0,"False."
"1568","no","no",85.9,0,"False."
"1570","no","yes",194.4,0,"False."
"1571","no","no",167.6,2,"False."
"1574","no","yes",143.2,1,"False."
"1575","yes","yes",216.4,1,"False."
"1576","no","yes",161.9,1,"False."
"1577","no","no",118.7,3,"False."
"1578","no","no",179.1,1,"False."
"1579","no","no",147.9,2,"False."
"1580","no","yes",209.2,2,"False."
"1582","no","yes",175.3,1,"False."
"1583","no","no",150.5,1,"False."
"1584","no","yes",197.4,0,"False."
"1585","no","no",163.5,1,"False."
"1586","no","no",236.9,2,"True."
"1589","yes","no",180,1,"False."
"1590","no","no",143.7,1,"False."
"1591","no","yes",198.2,1,"False."
"1593","no","no",137.6,3,"False."
"1594","yes","no",273.9,1,"True."
"1596","no","no",178.8,3,"False."
"1597","no","yes",214.9,0,"False."
"1598","no","no",163,2,"False."
"1600","no","no",189.5,1,"False."
"1601","no","yes",155.2,0,"False."
"1602","yes","no",242.3,0,"True."
"1604","no","yes",112,2,"False."
"1605","no","no",115.5,3,"False."
"1606","no","no",137.1,1,"False."
"1607","no","no",198.4,0,"False."
"1608","no","yes",132.7,3,"False."
"1609","no","yes",219.6,2,"False."
"1610","no","no",169.6,0,"False."
"1612","no","yes",95,0,"False."
"1613","no","no",160.1,2,"False."
"1614","no","no",194.6,3,"False."
"1615","no","no",236.4,1,"True."
"1616","no","no",157.1,2,"False."
"1617","no","no",179.8,0,"False."
"1618","yes","no",148.2,0,"False."
"1621","no","yes",224,0,"False."
"1623","no","no",184.8,1,"False."
"1624","no","no",176.3,1,"False."
"1625","no","no",241.7,2,"False."
"1626","no","yes",224.7,0,"False."
"1627","no","no",207.3,1,"False."
"1628","no","no",196.8,2,"False."
"1629","no","no",110.9,1,"False."
"1630","no","no",122.5,2,"False."
"1631","no","no",226.9,2,"False."
"1632","no","no",187,2,"False."
"1634","no","no",204.8,0,"False."
"1636","no","no",154,4,"True."
"1637","no","yes",158.1,1,"False."
"1638","no","no",225.2,2,"False."
"1639","no","no",159.4,6,"True."
"1641","no","no",222.8,3,"False."
"1642","yes","no",214.1,1,"False."
"1643","no","no",54.8,1,"False."
"1644","no","no",134,3,"False."
"1645","no","no",184.8,1,"False."
"1646","no","yes",283.1,3,"False."
"1648","no","no",222.7,1,"False."
"1649","no","no",174.5,0,"False."
"1650","no","no",68.4,0,"False."
"1652","yes","no",225.3,1,"True."
"1653","no","yes",283.2,1,"False."
"1654","yes","no",131.4,1,"True."
"1655","no","yes",89.7,1,"False."
"1656","no","no",127.1,3,"False."
"1657","no","yes",105.9,1,"False."
"1658","no","no",142.3,2,"False."
"1661","no","no",247.3,3,"False."
"1662","no","yes",242.2,1,"False."
"1663","yes","no",127.3,5,"True."
"1665","no","yes",179.1,2,"False."
"1666","no","yes",197.4,3,"False."
"1667","no","no",148.2,2,"False."
"1669","no","no",171.7,1,"False."
"1671","no","yes",121.7,1,"False."
"1672","no","no",130.2,2,"False."
"1674","no","no",174.7,5,"False."
"1675","yes","no",241,1,"True."
"1676","no","no",141.7,0,"False."
"1678","no","no",163.1,1,"False."
"1679","no","no",145.5,1,"False."
"1680","no","no",329.8,0,"True."
"1681","no","no",194.5,2,"False."
"1683","no","yes",150,1,"False."
"1686","no","no",143.6,3,"False."
"1687","no","yes",231.9,2,"False."
"1688","no","no",37.8,3,"False."
"1689","no","no",72.8,3,"False."
"1690","no","yes",94.8,1,"False."
"1691","no","yes",221.8,1,"False."
"1692","no","no",269,2,"True."
"1693","no","no",268.3,1,"True."
"1694","no","yes",198.7,1,"False."
"1695","no","no",115.5,7,"True."
"1696","no","no",202.1,2,"False."
"1697","no","no",215.6,1,"False."
"1699","no","no",201.7,0,"False."
"1700","no","no",221.1,4,"False."
"1701","no","yes",218.7,2,"False."
"1702","no","no",293.7,2,"True."
"1703","no","no",120.3,4,"True."
"1704","no","yes",175.8,2,"False."
"1705","no","no",278.5,1,"True."
"1706","no","yes",236.3,3,"False."
"1707","no","no",273.8,1,"False."
"1710","no","no",197.7,3,"False."
"1712","yes","yes",225.2,0,"False."
"1713","no","no",174.5,4,"False."
"1714","no","no",129.7,5,"True."
"1716","no","yes",95.9,0,"False."
"1718","no","no",129.9,1,"False."
"1719","yes","no",268.4,2,"True."
"1721","no","no",170.6,1,"False."
"1722","no","no",191.4,1,"False."
"1723","no","no",75.3,1,"False."
"1724","no","no",149.8,2,"False."
"1725","no","no",115.9,1,"False."
"1726","no","no",128.8,2,"False."
"1727","no","no",131.7,1,"False."
"1728","no","no",101.4,1,"False."
"1729","no","yes",149,4,"False."
"1730","no","yes",96.8,2,"False."
"1732","no","no",232.8,0,"True."
"1735","no","no",157.7,1,"False."
"1737","no","no",286.4,1,"True."
"1738","no","no",141.7,0,"False."
"1741","no","yes",218.5,0,"False."
"1742","no","no",255.3,3,"False."
"1743","no","no",41.9,1,"False."
"1745","no","yes",239.4,0,"False."
"1746","no","no",226.7,0,"False."
"1748","no","no",158,1,"False."
"1749","no","yes",175.7,1,"False."
"1752","no","no",182.7,1,"False."
"1753","yes","no",161.3,0,"True."
"1754","no","no",142.5,2,"False."
"1755","yes","no",190.5,2,"True."
"1757","yes","yes",153.8,1,"False."
"1758","yes","no",180.7,2,"False."
"1759","no","no",202.7,0,"False."
"1761","no","no",205.1,2,"False."
"1766","no","no",132.6,4,"True."
"1767","no","no",182.3,2,"False."
"1768","no","yes",192.3,2,"False."
"1769","yes","no",122,2,"True."
"1770","no","no",193,2,"False."
"1771","no","no",158.6,0,"False."
"1774","yes","yes",221.6,1,"False."
"1775","no","no",244.7,1,"False."
"1779","no","yes",117.6,2,"False."
"1784","no","yes",144.6,1,"False."
"1785","yes","no",153.6,0,"True."
"1786","no","yes",135.8,2,"False."
"1789","no","yes",152.2,1,"False."
"1790","no","no",227.4,0,"False."
"1791","no","no",191.6,2,"False."
"1793","no","no",127,0,"False."
"1794","no","no",168.6,1,"False."
"1795","no","no",286.6,1,"True."
"1796","no","yes",164.6,1,"False."
"1797","no","no",144,1,"False."
"1798","no","yes",141.6,0,"False."
"1799","no","no",204.3,1,"False."
"1800","no","no",163.2,1,"False."
"1801","no","no",225,0,"False."
"1807","no","no",241.9,0,"False."
"1808","no","no",196.1,3,"False."
"1810","no","no",161.6,1,"False."
"1811","no","no",194,0,"False."
"1812","no","no",109.7,3,"False."
"1814","no","no",192.1,0,"False."
"1815","no","no",198.4,0,"False."
"1816","no","yes",209.2,0,"False."
"1817","no","no",184.8,2,"False."
"1818","no","no",167.8,2,"False."
"1819","no","no",139.2,3,"False."
"1820","no","yes",221.3,0,"False."
"1821","no","no",121.6,1,"False."
"1823","no","no",139.6,2,"False."
"1824","no","yes",253,2,"False."
"1825","no","yes",183.9,1,"False."
"1828","no","no",167.6,2,"False."
"1829","no","no",156.5,2,"False."
"1830","no","yes",215.1,1,"False."
"1831","no","no",301.7,1,"False."
"1833","no","no",195.4,1,"False."
"1834","no","no",208.7,2,"False."
"1836","no","yes",185.4,4,"False."
"1838","yes","no",54.2,1,"True."
"1839","no","yes",208,1,"False."
"1840","no","no",230.3,1,"False."
"1841","no","yes",240.8,2,"False."
"1842","no","yes",195.7,2,"False."
"1843","no","no",276.1,0,"True."
"1844","no","no",166.1,2,"False."
"1847","no","yes",177.9,1,"False."
"1848","no","yes",143.9,2,"False."
"1850","no","no",287.1,2,"True."
"1852","no","no",165.8,5,"True."
"1853","no","yes",144.1,1,"False."
"1854","no","no",172.5,0,"False."
"1855","no","no",199.8,1,"False."
"1856","no","no",109.1,2,"False."
"1857","no","no",171.8,1,"False."
"1858","no","no",222.3,1,"True."
"1859","no","no",245.8,0,"False."
"1861","no","no",211.7,0,"False."
"1862","yes","yes",147.2,0,"True."
"1863","yes","no",254.7,0,"True."
"1864","yes","no",170.1,1,"False."
"1865","no","no",195.1,0,"False."
"1866","no","no",149.3,7,"True."
"1867","no","no",81.9,2,"True."
"1868","yes","yes",191.1,0,"False."
"1869","no","no",206.9,3,"False."
"1871","no","no",179.3,0,"False."
"1873","yes","no",141.4,2,"False."
"1874","no","yes",248.6,1,"False."
"1875","no","no",152.5,2,"False."
"1876","no","no",145.6,1,"False."
"1877","no","no",164.2,1,"False."
"1878","yes","no",221,1,"False."
"1879","no","no",295.4,1,"True."
"1880","no","no",139.8,2,"False."
"1881","no","no",162.3,4,"True."
"1883","yes","yes",200.3,2,"False."
"1884","no","yes",157.1,1,"False."
"1886","no","no",236.7,1,"False."
"1887","no","no",111.4,3,"False."
"1888","yes","yes",156.1,0,"True."
"1889","no","no",191.1,2,"False."
"1890","no","no",153,1,"True."
"1891","no","no",218.8,4,"False."
"1892","no","no",205.4,3,"False."
"1894","no","no",249.9,2,"True."
"1895","no","no",131.6,3,"False."
"1896","no","yes",197.9,0,"False."
"1897","no","no",166.5,1,"False."
"1899","no","no",275.8,2,"True."
"1903","no","no",210.3,1,"False."
"1904","yes","yes",225.7,1,"True."
"1905","no","yes",167.8,4,"True."
"1906","no","no",197.7,2,"False."
"1907","no","yes",169.8,1,"False."
"1908","no","yes",190.6,2,"False."
"1909","no","yes",80.3,2,"False."
"1910","no","yes",231.7,0,"False."
"1911","no","no",69.1,0,"False."
"1912","no","no",188.8,4,"False."
"1914","no","no",192,2,"False."
"1915","no","yes",163.7,3,"False."
"1916","no","no",211.7,1,"False."
"1918","no","no",150.1,2,"False."
"1919","no","no",189.5,1,"False."
"1920","no","no",70.8,6,"True."
"1921","no","no",215.5,1,"False."
"1925","no","no",131.8,1,"False."
"1926","no","no",190.2,2,"False."
"1927","no","no",154.1,2,"False."
"1928","no","no",188,3,"False."
"1929","no","no",103.1,1,"False."
"1932","yes","no",250.6,1,"False."
"1933","no","no",161.5,1,"False."
"1934","no","no",260.1,1,"True."
"1935","no","no",281.3,0,"True."
"1936","yes","yes",130.1,3,"True."
"1938","no","yes",218.7,1,"False."
"1939","no","yes",128.5,1,"False."
"1940","no","no",128.7,2,"True."
"1941","no","no",172.2,1,"False."
"1942","no","no",199.2,1,"False."
"1948","no","no",186.1,0,"False."
"1949","no","no",148.5,1,"False."
"1950","no","no",157.1,0,"False."
"1951","no","no",155,4,"True."
"1952","yes","yes",129.3,1,"False."
"1953","no","no",188.5,1,"False."
"1954","no","no",208.8,0,"False."
"1955","no","no",238,0,"True."
"1956","no","no",211.1,0,"False."
"1957","no","yes",198.9,3,"False."
"1959","no","no",137.4,3,"False."
"1960","no","yes",191.8,2,"False."
"1961","no","no",149,0,"False."
"1962","no","no",117.1,3,"False."
"1963","no","no",108,3,"False."
"1964","no","no",112.8,0,"False."
"1966","no","no",236.6,1,"True."
"1967","no","no",169.4,1,"False."
"1968","no","no",129.6,3,"False."
"1969","no","no",177.1,1,"False."
"1970","no","yes",133.3,1,"False."
"1971","no","no",167.8,5,"False."
"1972","no","yes",174.6,1,"False."
"1973","no","no",150.3,2,"False."
"1974","no","yes",283.2,5,"False."
"1975","no","yes",157.8,5,"True."
"1976","no","no",141.2,2,"False."
"1977","no","yes",230.2,1,"False."
"1980","no","no",221.1,1,"False."
"1982","no","no",118,1,"False."
"1983","no","no",163.8,0,"False."
"1984","no","yes",141.3,3,"False."
"1985","no","no",272.5,3,"True."
"1986","no","yes",118.9,2,"False."
"1987","no","no",7.9,0,"False."
"1988","no","no",159.5,0,"False."
"1989","no","no",150.2,1,"False."
"1990","no","yes",144.5,2,"False."
"1991","no","no",140.7,2,"False."
"1992","no","no",169.2,1,"False."
"1993","no","no",220.8,2,"False."
"1994","no","no",216.3,0,"False."
"1995","no","no",169.5,0,"False."
"1996","no","yes",256.3,1,"False."
"1997","no","no",179.7,1,"False."
"1998","no","no",266,3,"False."
"1999","no","no",96.7,2,"False."
"2000","no","no",82.7,0,"False."
"2001","no","no",168.2,3,"False."
"2003","no","no",174.3,3,"False."
"2007","no","yes",204.6,3,"False."
"2009","no","yes",253.1,3,"False."
"2010","no","no",130,0,"False."
"2011","no","no",105.9,0,"False."
"2012","no","no",194.2,3,"False."
"2013","no","no",183.8,1,"False."
"2014","no","no",196.5,2,"False."
"2015","no","no",184.5,3,"False."
"2016","no","no",261.9,0,"False."
"2017","no","no",202.4,3,"False."
"2018","no","yes",167.4,3,"False."
"2021","no","no",240.2,2,"False."
"2022","no","yes",189.1,1,"False."
"2023","no","no",127.7,1,"False."
"2025","no","yes",153.6,2,"False."
"2026","no","no",154.5,2,"False."
"2027","no","no",153.7,1,"False."
"2028","yes","yes",171.2,1,"False."
"2029","no","no",328.1,1,"True."
"2030","yes","no",145.9,0,"True."
"2031","no","yes",201.2,1,"False."
"2032","no","no",139.1,5,"False."
"2033","no","no",118.9,2,"False."
"2034","no","no",217.6,2,"True."
"2035","no","no",145,1,"False."
"2039","no","no",269.8,1,"True."
"2040","no","yes",126.3,1,"False."
"2041","no","yes",88.1,2,"False."
"2042","no","yes",218.5,2,"False."
"2043","no","yes",236.8,1,"False."
"2046","no","no",222.7,4,"False."
"2047","no","no",149.2,1,"False."
"2048","no","no",206.5,3,"False."
"2049","no","yes",159.7,3,"False."
"2050","no","yes",204.7,2,"False."
"2052","yes","no",269.6,1,"False."
"2055","no","no",140.2,1,"False."
"2060","no","no",269.2,3,"True."
"2061","no","yes",203.8,0,"False."
"2062","no","yes",268.4,0,"False."
"2063","no","no",159.1,1,"False."
"2064","no","no",114.4,2,"False."
"2066","no","no",186,1,"False."
"2067","no","yes",170.4,0,"False."
"2068","no","no",164.5,4,"False."
"2070","no","no",261.2,0,"True."
"2071","no","no",190.5,1,"False."
"2073","no","no",177.1,3,"False."
"2074","no","no",160.5,1,"False."
"2075","no","no",134.7,2,"False."
"2076","no","yes",198.2,2,"False."
"2077","yes","no",228.9,4,"True."
"2078","no","no",241.7,0,"False."
"2079","no","no",131.1,1,"False."
"2081","no","no",200.1,0,"False."
"2083","no","yes",224.2,0,"False."
"2084","no","no",148.3,3,"False."
"2085","no","yes",174.6,2,"False."
"2088","no","no",162.3,4,"False."
"2089","no","no",210.8,2,"False."
"2090","no","no",142.4,1,"False."
"2091","no","yes",223.5,2,"False."
"2093","no","no",219.6,2,"False."
"2094","no","no",193.6,0,"False."
"2096","no","no",236.2,0,"False."
"2097","no","yes",233.2,0,"False."
"2098","no","no",158.8,2,"False."
"2099","no","no",126.1,1,"False."
"2101","no","yes",60.6,0,"False."
"2102","no","no",148.4,0,"False."
"2103","no","no",246.5,2,"False."
"2104","no","no",298.1,2,"True."
"2105","no","no",119.3,2,"False."
"2106","no","no",242.5,0,"False."
"2107","yes","yes",222.1,0,"True."
"2108","no","no",236.2,2,"True."
"2109","no","no",144.2,0,"False."
"2110","no","yes",154.6,3,"False."
"2112","no","no",103.7,0,"False."
"2113","no","no",136.6,4,"True."
"2114","no","no",289.8,2,"True."
"2116","yes","no",196.2,0,"True."
"2118","no","no",222.2,4,"False."
"2119","yes","no",172.9,0,"True."
"2120","no","no",249.8,0,"True."
"2121","no","no",154.5,1,"False."
"2122","no","no",90.4,1,"False."
"2124","no","no",106.1,1,"False."
"2125","no","no",27,3,"False."
"2126","no","yes",140.1,1,"False."
"2127","no","no",245,1,"False."
"2128","no","no",196.7,3,"False."
"2130","no","yes",149.6,2,"False."
"2131","no","no",239.8,1,"False."
"2133","no","no",115.4,3,"False."
"2134","no","yes",193,2,"False."
"2135","no","no",206.1,1,"False."
"2136","no","no",160.3,0,"False."
"2137","no","no",199.9,1,"False."
"2138","no","no",213.1,0,"False."
"2139","no","no",178.3,3,"False."
"2140","yes","no",252.3,3,"True."
"2141","no","no",197.7,4,"False."
"2142","no","yes",111.1,2,"False."
"2144","no","no",156.9,3,"False."
"2145","no","no",123.3,1,"False."
"2146","no","no",193.7,1,"False."
"2148","no","no",249.8,3,"True."
"2149","no","no",144,1,"False."
"2151","no","no",226,2,"True."
"2152","no","no",137.6,2,"False."
"2153","yes","yes",211.7,1,"False."
"2154","no","no",89.7,2,"False."
"2155","yes","no",197.6,2,"False."
"2156","no","no",270,2,"True."
"2157","no","no",224.7,3,"False."
"2159","yes","no",47.7,0,"True."
"2160","no","no",190.1,1,"False."
"2161","yes","no",89.5,1,"True."
"2162","no","no",182.6,0,"False."
"2163","no","yes",205.5,1,"False."
"2164","no","no",231.5,1,"False."
"2166","no","no",171.2,2,"False."
"2167","no","no",197.9,2,"False."
"2170","no","no",174.5,0,"False."
"2171","no","no",177.4,0,"False."
"2172","no","no",182.1,1,"False."
"2176","no","no",143.5,3,"False."
"2177","no","no",164.9,2,"False."
"2178","no","no",193.6,2,"False."
"2179","no","no",101.1,0,"False."
"2180","no","yes",92.3,2,"False."
"2182","no","yes",219.2,1,"False."
"2183","no","yes",178.1,0,"False."
"2184","no","no",146.5,3,"False."
"2186","no","no",190.9,1,"False."
"2187","no","no",232.1,3,"True."
"2190","no","no",96,3,"False."
"2191","no","yes",93.4,1,"False."
"2192","no","no",90.6,1,"False."
"2193","no","no",152.9,2,"False."
"2194","no","no",257.9,2,"False."
"2195","yes","yes",85.2,2,"False."
"2197","no","yes",182.9,0,"False."
"2198","no","no",216.2,2,"False."
"2199","no","no",261.7,0,"False."
"2200","no","no",241.2,2,"False."
"2201","no","no",177.2,1,"False."
"2202","no","no",89.5,2,"False."
"2203","yes","yes",200.3,1,"False."
"2204","yes","no",145,4,"True."
"2205","no","no",159.5,2,"False."
"2207","no","no",176.2,1,"False."
"2208","no","no",152.1,0,"False."
"2209","no","no",161.3,1,"False."
"2212","no","yes",213,4,"False."
"2214","no","no",217.2,0,"True."
"2215","no","no",175.9,1,"False."
"2216","no","no",303.2,0,"True."
"2220","no","yes",92.7,3,"False."
"2221","no","no",177.2,3,"False."
"2222","no","no",184.5,2,"False."
"2224","no","no",204.7,6,"False."
"2225","no","no",143.6,2,"False."
"2226","no","no",179.3,1,"False."
"2227","no","no",137.3,1,"False."
"2228","no","no",237.8,2,"False."
"2230","no","yes",191.3,2,"False."
"2231","yes","no",209.1,2,"False."
"2237","no","no",268.1,2,"False."
"2238","no","no",166.7,4,"True."
"2239","no","no",267.1,1,"True."
"2240","no","no",181.8,2,"False."
"2241","no","no",147.1,0,"False."
"2242","no","yes",37.7,1,"False."
"2243","no","no",185,2,"False."
"2244","no","no",156.4,2,"False."
"2246","no","yes",215.5,2,"False."
"2247","no","no",134.9,1,"False."
"2248","no","no",194.8,0,"False."
"2249","no","yes",239.1,5,"False."
"2250","no","no",92.6,3,"False."
"2251","no","no",209.4,1,"False."
"2252","no","no",197.6,1,"False."
"2253","no","no",17.6,1,"False."
"2255","no","yes",202.3,1,"False."
"2257","no","no",207,1,"False."
"2259","yes","no",276.5,1,"True."
"2260","no","yes",313.8,3,"False."
"2261","yes","yes",288.5,1,"False."
"2262","no","no",210.9,4,"False."
"2263","no","yes",64.9,1,"False."
"2264","no","yes",243.5,1,"False."
"2267","no","yes",219.9,1,"False."
"2268","no","no",313.2,2,"True."
"2269","no","yes",145.7,0,"False."
"2270","no","yes",75.8,0,"False."
"2271","no","no",195.9,3,"False."
"2272","no","no",132,1,"False."
"2273","no","no",124,2,"False."
"2274","no","no",171.9,2,"False."
"2277","no","no",168.6,3,"False."
"2278","no","no",123.7,0,"False."
"2280","no","no",113.2,1,"False."
"2281","no","yes",142.4,2,"False."
"2282","no","yes",204.2,0,"False."
"2283","no","no",149.7,3,"False."
"2285","no","no",155.3,2,"False."
"2286","no","no",156.4,1,"False."
"2287","no","yes",148.7,0,"False."
"2288","no","no",271.7,3,"False."
"2289","no","no",193.7,0,"False."
"2290","yes","yes",245.5,1,"False."
"2291","no","no",245.3,3,"True."
"2292","no","no",196.1,0,"False."
"2293","no","no",134.1,2,"False."
"2294","yes","yes",225,1,"False."
"2295","no","no",189.7,0,"False."
"2296","no","no",142.9,0,"False."
"2297","no","no",175.6,1,"False."
"2298","no","no",92.4,2,"False."
"2299","no","no",92.8,1,"False."
"2300","no","yes",221.7,0,"False."
"2302","no","no",144.5,2,"False."
"2304","no","no",49.9,2,"False."
"2305","no","yes",116.9,0,"False."
"2306","no","no",150,3,"False."
"2307","no","no",254.4,1,"False."
"2308","no","yes",270.7,3,"False."
"2309","no","no",207,1,"False."
"2310","yes","no",145.3,0,"False."
"2316","no","no",150.7,2,"False."
"2317","yes","no",186,1,"False."
"2318","no","no",212.9,3,"False."
"2319","no","no",194.8,0,"False."
"2320","no","yes",272.5,3,"False."
"2322","no","no",154.6,1,"False."
"2324","no","no",165.4,1,"False."
"2325","no","no",143.3,4,"True."
"2327","no","no",253.5,0,"False."
"2328","no","no",167.1,6,"True."
"2329","no","no",168.3,1,"False."
"2331","no","no",135.4,1,"False."
"2332","no","yes",191.4,1,"False."
"2333","no","no",158.7,1,"False."
"2334","no","no",144.8,2,"False."
"2336","yes","no",157.8,3,"True."
"2337","no","yes",163,1,"False."
"2339","no","no",129,2,"False."
"2340","no","no",86,1,"False."
"2341","no","yes",193.9,0,"False."
"2343","no","no",188.9,2,"False."
"2344","yes","no",179.9,1,"True."
"2350","no","no",207.7,0,"False."
"2351","no","no",169.5,0,"False."
"2352","no","no",141.5,2,"False."
"2353","no","no",154.8,0,"False."
"2355","no","no",273.2,2,"True."
"2356","no","no",224.6,2,"False."
"2357","no","no",273.8,2,"True."
"2358","no","no",159.5,1,"True."
"2360","no","yes",115.4,1,"False."
"2362","no","no",116.4,3,"False."
"2364","no","no",129.4,0,"False."
"2365","no","yes",161.8,0,"False."
"2366","no","yes",198.8,1,"False."
"2367","no","yes",147.8,1,"False."
"2368","no","no",262.3,3,"False."
"2372","no","no",191.9,1,"False."
"2373","no","no",187.8,2,"False."
"2374","no","no",259.7,0,"False."
"2375","yes","no",180.4,0,"False."
"2380","no","no",164.3,2,"False."
"2381","no","no",228.6,9,"True."
"2382","no","yes",200.4,1,"False."
"2383","no","no",154.3,0,"False."
"2384","no","yes",122.9,2,"False."
"2387","yes","no",202,2,"True."
"2389","no","no",297.9,1,"True."
"2391","no","no",145.6,0,"False."
"2392","no","yes",152.9,2,"False."
"2393","no","no",125.4,1,"False."
"2395","no","no",189.3,3,"False."
"2396","no","no",199.3,4,"False."
"2397","yes","no",247.5,2,"False."
"2398","no","no",294.9,1,"True."
"2399","no","no",175.4,1,"False."
"2400","no","no",179.4,1,"False."
"2401","yes","yes",126.8,0,"False."
"2402","yes","no",239.7,1,"True."
"2403","no","yes",143,5,"True."
"2404","no","no",91.9,2,"False."
"2405","no","no",210.4,1,"False."
"2406","no","yes",201.3,1,"True."
"2410","no","yes",86.5,2,"False."
"2411","no","no",109.9,0,"False."
"2412","no","no",156,1,"False."
"2413","no","no",326.3,1,"True."
"2414","no","no",195,0,"False."
"2416","no","no",147.1,5,"True."
"2417","no","no",156,2,"False."
"2418","no","no",98.2,2,"False."
"2419","no","no",210.6,0,"False."
"2421","yes","no",159.9,2,"True."
"2423","no","yes",115.4,2,"False."
"2426","no","yes",105.3,2,"False."
"2427","no","no",111.7,1,"False."
"2430","no","yes",238,2,"False."
"2432","no","yes",171.2,1,"False."
"2433","no","no",109,4,"True."
"2434","no","no",220,2,"False."
"2435","no","no",55.6,0,"False."
"2437","no","no",207.6,1,"False."
"2439","no","no",197.2,2,"False."
"2441","no","no",205.2,0,"False."
"2442","no","yes",193.1,1,"False."
"2443","no","yes",232.6,3,"False."
"2444","no","no",102.7,0,"False."
"2445","no","yes",263.1,5,"False."
"2446","no","no",197,1,"False."
"2447","no","no",169.3,2,"False."
"2448","no","no",201.5,1,"False."
"2449","no","no",251,3,"False."
"2450","no","no",230.4,3,"False."
"2452","no","no",279.5,2,"True."
"2453","no","no",173.4,1,"False."
"2454","no","yes",214.4,1,"False."
"2455","no","no",96.1,1,"False."
"2456","no","no",101.4,1,"False."
"2457","no","no",232.5,4,"False."
"2458","no","yes",174.5,1,"False."
"2459","no","yes",224,1,"False."
"2460","no","no",211.1,4,"False."
"2462","no","no",220,0,"False."
"2465","no","yes",96.5,1,"False."
"2466","no","no",183.5,3,"False."
"2467","no","yes",107.9,0,"False."
"2468","yes","no",161,1,"False."
"2469","yes","yes",146.8,1,"True."
"2470","no","no",149.2,3,"False."
"2471","no","no",227.8,3,"False."
"2472","no","yes",160.3,0,"False."
"2473","no","no",137.8,1,"True."
"2475","no","yes",196.4,0,"False."
"2476","no","no",175.2,1,"False."
"2478","no","no",173.9,1,"False."
"2479","no","yes",305.2,1,"False."
"2480","yes","yes",162.3,3,"True."
"2481","yes","no",150,3,"False."
"2485","no","yes",116.9,0,"False."
"2486","no","yes",236.7,1,"False."
"2487","no","no",173.2,0,"False."
"2488","no","no",152.2,0,"False."
"2489","no","no",181.3,0,"False."
"2490","no","no",167.8,4,"True."
"2491","no","no",175.4,1,"False."
"2493","no","no",203.3,0,"False."
"2494","no","no",92.6,5,"True."
"2496","no","no",160.8,1,"False."
"2497","no","yes",141.8,1,"False."
"2498","no","yes",50.6,2,"False."
"2499","no","no",134.9,1,"False."
"2500","no","no",252.1,1,"False."
"2501","no","yes",215.5,1,"False."
"2502","no","no",124.8,0,"False."
"2503","no","no",178.7,2,"False."
"2505","no","no",167.5,1,"False."
"2506","no","no",147.1,3,"False."
"2507","no","no",230.1,1,"False."
"2508","no","no",135.8,0,"False."
"2509","no","yes",205.7,2,"False."
"2511","no","no",189.3,2,"False."
"2512","no","no",147.2,3,"False."
"2513","no","yes",137.3,0,"False."
"2514","no","no",70.7,2,"False."
"2516","no","no",123.1,5,"True."
"2517","no","yes",129.7,2,"False."
"2518","yes","no",198.7,0,"False."
"2520","no","no",135.2,2,"False."
"2521","no","yes",124.7,1,"False."
"2526","no","no",174,0,"False."
"2531","no","no",265.2,2,"False."
"2532","no","no",143.3,1,"False."
"2533","no","no",190.3,2,"False."
"2535","no","no",115.3,1,"False."
"2536","no","no",113,2,"True."
"2538","no","no",215.6,3,"False."
"2539","no","no",128.8,1,"False."
"2540","yes","yes",211.2,3,"True."
"2541","no","yes",71.2,1,"False."
"2542","no","no",94.9,2,"False."
"2543","no","no",259.4,1,"True."
"2545","no","no",97.5,3,"False."
"2546","no","no",146.5,0,"False."
"2547","no","no",157.9,2,"False."
"2548","no","no",139.9,2,"False."
"2549","no","yes",153.2,1,"False."
"2550","yes","no",103.5,2,"False."
"2553","no","no",236.6,1,"False."
"2554","no","no",260.4,6,"False."
"2555","no","no",167.3,2,"False."
"2556","no","no",182.2,2,"False."
"2557","no","no",113,2,"False."
"2558","no","no",185.7,0,"False."
"2559","no","no",136.2,0,"False."
"2561","no","no",197.3,1,"False."
"2562","no","yes",141.4,1,"False."
"2565","no","no",153.2,1,"False."
"2566","no","no",108.3,0,"False."
"2567","no","no",168.6,2,"False."
"2569","yes","no",224.2,3,"False."
"2570","no","no",166.9,3,"False."
"2572","no","no",190.9,2,"False."
"2573","no","no",317.8,1,"True."
"2575","no","no",146,1,"False."
"2577","no","yes",193.4,2,"False."
"2578","no","no",185.1,2,"False."
"2580","no","no",146.4,1,"False."
"2582","no","no",123.2,4,"True."
"2583","no","no",205,2,"False."
"2584","no","no",128.7,1,"False."
"2585","no","no",216.9,3,"False."
"2586","no","no",150,3,"False."
"2587","no","no",164.1,1,"False."
"2588","no","no",212,3,"False."
"2589","no","yes",167.3,2,"False."
"2591","no","yes",177.3,3,"False."
"2592","no","no",231.2,1,"True."
"2593","no","no",202.9,5,"False."
"2595","yes","no",345.3,1,"True."
"2596","no","no",264.9,1,"True."
"2598","no","no",177.2,2,"False."
"2599","no","no",133.1,1,"False."
"2602","no","yes",173.1,1,"False."
"2605","no","no",208.3,3,"False."
"2607","no","no",224.2,1,"True."
"2608","no","no",189.3,3,"False."
"2609","no","yes",168.3,4,"False."
"2610","no","yes",232.9,1,"False."
"2611","no","yes",155,1,"False."
"2612","no","no",154.4,0,"False."
"2613","no","no",234.7,2,"False."
"2614","no","no",240,1,"False."
"2615","yes","no",298.4,0,"True."
"2617","no","yes",111.6,0,"False."
"2618","no","no",174.5,2,"False."
"2619","yes","yes",175.5,1,"False."
"2620","yes","yes",157.5,3,"True."
"2621","no","no",206.2,1,"False."
"2623","no","yes",144.8,4,"False."
"2624","no","no",258.8,2,"False."
"2625","no","no",226.9,0,"True."
"2628","no","no",150.8,1,"False."
"2629","no","no",221,4,"False."
"2630","no","yes",322.4,1,"True."
"2631","no","no",153.6,2,"False."
"2632","no","yes",215.1,2,"False."
"2633","no","yes",174.4,1,"False."
"2635","no","no",123.1,2,"False."
"2636","no","no",165.7,1,"False."
"2638","no","no",154.8,3,"False."
"2640","no","yes",184.2,1,"False."
"2641","no","yes",274.7,3,"False."
"2643","yes","yes",151.5,1,"False."
"2644","no","no",124.8,3,"False."
"2645","no","no",179.2,0,"False."
"2648","no","no",288,0,"True."
"2650","no","no",216.1,1,"False."
"2651","no","no",138.7,2,"False."
"2656","no","no",219.2,1,"False."
"2657","no","no",227,2,"False."
"2658","no","no",245.9,3,"False."
"2659","no","no",257.3,0,"False."
"2660","no","no",121.1,2,"False."
"2661","no","no",301.5,4,"True."
"2664","no","no",169.8,2,"False."
"2666","yes","no",116.2,3,"False."
"2667","yes","no",255.9,1,"True."
"2668","no","yes",187.7,3,"False."
"2669","no","yes",195.9,0,"False."
"2670","no","no",129.4,2,"False."
"2672","no","no",140.5,2,"False."
"2674","no","no",224.9,3,"True."
"2676","no","no",207.8,0,"False."
"2677","no","no",205.9,0,"False."
"2678","no","no",308.6,4,"True."
"2679","no","no",242.6,2,"False."
"2680","no","no",229.6,1,"False."
"2681","no","yes",166,2,"False."
"2682","no","no",144.8,0,"True."
"2684","no","no",221.8,1,"False."
"2685","no","no",204.6,2,"False."
"2689","no","no",166.4,1,"False."
"2690","no","no",177.9,0,"False."
"2691","no","no",235.1,3,"False."
"2693","yes","no",268.4,1,"False."
"2694","no","no",192.1,3,"False."
"2695","no","no",240.7,0,"True."
"2696","no","no",179.9,2,"False."
"2697","no","no",314.1,3,"True."
"2698","no","yes",162,0,"False."
"2700","no","no",109.4,0,"False."
"2701","no","no",255.1,3,"True."
"2702","yes","no",208.7,3,"False."
"2703","no","yes",214.6,1,"False."
"2704","no","no",49.2,1,"False."
"2705","no","no",141.3,2,"False."
"2706","no","no",253.2,4,"False."
"2707","no","no",206,0,"False."
"2708","no","no",40.4,2,"False."
"2709","no","no",291.2,1,"True."
"2710","no","yes",71.2,0,"False."
"2711","no","no",261.8,0,"True."
"2712","no","no",191.3,1,"False."
"2713","no","no",133.3,0,"False."
"2714","no","yes",183.6,2,"False."
"2715","no","yes",155.2,1,"False."
"2716","no","yes",283.1,1,"False."
"2719","no","no",203.4,1,"False."
"2720","no","yes",178.1,1,"False."
"2721","no","no",195.9,1,"False."
"2723","no","no",136.1,2,"False."
"2724","no","yes",114.1,2,"False."
"2725","no","no",279.1,2,"True."
"2726","no","no",169.3,0,"False."
"2727","no","no",214.4,2,"False."
"2728","yes","no",255.8,0,"False."
"2729","no","no",148.2,2,"False."
"2730","no","no",119.3,2,"False."
"2735","yes","yes",175.3,1,"False."
"2736","yes","yes",169,0,"True."
"2738","no","no",184.1,1,"False."
"2741","no","no",189.8,0,"False."
"2742","no","no",223.2,1,"False."
"2743","no","yes",216,2,"False."
"2744","no","no",198.5,2,"False."
"2745","no","no",159.5,1,"False."
"2746","no","yes",105,2,"True."
"2747","no","no",204.5,3,"False."
"2748","no","no",274,0,"True."
"2749","no","no",158.7,2,"False."
"2751","no","no",137.8,1,"False."
"2752","no","no",179.4,0,"False."
"2753","no","yes",139.3,3,"False."
"2754","no","no",7.8,2,"False."
"2755","no","yes",183.1,1,"False."
"2759","no","no",177.4,0,"False."
"2760","no","no",115.6,1,"False."
"2761","yes","no",237.3,0,"True."
"2762","no","no",181.5,1,"False."
"2763","no","no",51.5,3,"False."
"2765","no","yes",245,2,"False."
"2766","no","no",131.7,1,"False."
"2767","yes","no",111.1,1,"False."
"2768","no","yes",88.5,3,"False."
"2769","no","yes",116,1,"False."
"2770","no","no",155.5,1,"False."
"2771","no","yes",106.5,2,"False."
"2772","no","yes",175.2,1,"False."
"2773","no","no",154.7,4,"True."
"2775","yes","yes",218.4,0,"True."
"2776","no","yes",227.5,1,"False."
"2777","no","yes",185,0,"False."
"2778","no","no",186.8,2,"False."
"2781","no","no",185.9,3,"False."
"2782","no","no",222.5,2,"False."
"2783","no","no",201.1,3,"False."
"2784","no","yes",167.9,1,"False."
"2785","no","no",239.1,3,"True."
"2786","no","no",175.7,5,"True."
"2787","no","yes",111.2,6,"True."
"2788","no","no",87.7,1,"False."
"2789","no","no",244.1,0,"False."
"2790","no","yes",165,2,"False."
"2791","no","yes",127.4,0,"False."
"2792","no","no",194.8,0,"False."
"2793","no","no",54.7,1,"False."
"2794","no","yes",283.4,2,"False."
"2795","yes","no",258,0,"True."
"2796","no","no",90.5,1,"False."
"2797","no","no",235.6,0,"False."
"2798","no","no",142.5,2,"False."
"2800","no","no",214.8,3,"False."
"2802","no","no",139,4,"False."
"2803","no","no",117.3,2,"False."
"2804","no","no",264,3,"False."
"2805","no","no",82.6,1,"False."
"2806","yes","yes",175.8,1,"False."
"2807","no","no",220.4,2,"False."
"2808","no","no",217,2,"False."
"2809","no","yes",129,1,"False."
"2810","no","no",150.5,1,"False."
"2811","no","yes",193.3,0,"False."
"2812","no","no",189.5,2,"False."
"2813","no","yes",137.8,2,"False."
"2814","no","no",129.3,3,"False."
"2815","no","no",115.6,1,"False."
"2816","no","yes",221.9,2,"False."
"2818","no","no",61.3,1,"False."
"2819","yes","no",183.8,1,"False."
"2820","no","no",167.4,0,"True."
"2822","no","no",252,0,"False."
"2823","yes","no",163.1,0,"False."
"2824","no","no",198.3,2,"False."
"2825","no","no",324.7,0,"True."
"2826","no","no",128.3,2,"False."
"2827","no","no",187.9,2,"False."
"2828","no","no",129.2,5,"True."
"2829","yes","no",125.5,4,"True."
"2830","no","yes",257.2,1,"False."
"2832","no","no",175.1,1,"False."
"2834","no","no",271.6,2,"False."
"2835","no","no",219.9,1,"False."
"2836","no","yes",183.3,3,"False."
"2837","no","no",101.1,2,"False."
"2838","no","no",203.3,1,"False."
"2839","no","yes",175.4,2,"False."
"2841","no","yes",171.6,0,"False."
"2843","no","yes",211.9,0,"False."
"2844","no","no",63.7,1,"False."
"2848","yes","yes",173,0,"False."
"2849","no","no",224.9,0,"False."
"2850","no","no",237.7,1,"False."
"2851","no","no",137,2,"False."
"2852","no","no",142.5,2,"False."
"2853","no","no",142.4,1,"False."
"2854","no","yes",147,2,"False."
"2856","no","no",149.2,1,"False."
"2857","no","no",204.4,0,"False."
"2858","no","no",216.8,1,"False."
"2859","no","yes",308,1,"False."
"2860","no","no",58,0,"False."
"2861","no","no",173.2,2,"False."
"2863","no","yes",58.9,0,"False."
"2864","no","no",236.8,3,"False."
"2865","no","no",228.9,0,"False."
"2866","no","yes",90,2,"True."
"2867","no","no",146.7,2,"False."
"2869","yes","no",162.8,0,"True."
"2872","no","no",212.3,2,"False."
"2873","no","no",151,2,"False."
"2875","no","no",296,0,"True."
"2877","no","no",234.4,3,"False."
"2878","no","no",176.8,2,"False."
"2879","no","yes",157.3,0,"False."
"2880","no","yes",146.6,1,"False."
"2881","no","no",260.5,1,"False."
"2884","no","no",209.4,1,"False."
"2885","no","no",285.7,1,"True."
"2887","no","no",144.4,1,"False."
"2889","no","yes",77.6,1,"False."
"2891","no","no",240.8,0,"False."
"2893","no","yes",138.8,1,"False."
"2894","no","yes",209.8,0,"False."
"2895","no","no",134.9,3,"False."
"2896","yes","no",164,0,"False."
"2897","no","no",245.5,1,"False."
"2899","no","no",90.7,2,"False."
"2900","no","yes",190.3,1,"False."
"2902","no","yes",89.8,4,"True."
"2903","no","yes",252.4,2,"False."
"2906","no","no",155.2,3,"False."
"2907","no","yes",165.8,1,"False."
"2908","no","no",209.4,0,"False."
"2909","no","no",279.3,2,"True."
"2910","no","no",174.1,2,"False."
"2912","yes","no",256.5,1,"False."
"2914","no","no",139.6,1,"False."
"2916","no","no",210.1,4,"False."
"2918","no","no",202.6,0,"False."
"2919","no","no",174.4,4,"False."
"2920","no","no",210.6,0,"False."
"2921","no","no",121.5,1,"False."
"2922","no","no",127.8,2,"False."
"2923","no","no",135.2,2,"False."
"2924","no","no",99.4,2,"False."
"2925","no","no",276.9,1,"True."
"2926","no","no",163.4,2,"True."
"2928","no","yes",120.5,1,"False."
"2929","no","no",184.1,2,"False."
"2930","no","no",185,3,"False."
"2931","no","no",160.9,1,"False."
"2932","no","no",207.6,2,"False."
"2933","no","no",209.2,1,"False."
"2934","yes","no",158.4,1,"False."
"2935","no","no",149,2,"True."
"2936","no","no",204.5,0,"False."
"2938","no","yes",108.6,0,"False."
"2940","no","no",166.5,0,"False."
"2941","no","no",156.2,1,"False."
"2942","no","yes",225.2,4,"False."
"2943","yes","no",287.4,1,"True."
"2944","no","yes",175.3,0,"False."
"2946","no","no",157.9,0,"False."
"2948","no","no",245.8,1,"True."
"2949","yes","no",177.7,1,"False."
"2950","yes","no",250.8,2,"False."
"2951","no","no",117.8,0,"True."
"2953","no","no",242.2,5,"True."
"2954","no","no",163.4,7,"False."
"2956","no","no",128.7,1,"False."
"2957","no","no",81.6,1,"False."
"2958","no","yes",207.7,1,"False."
"2959","no","no",128.6,6,"True."
"2961","no","no",182.1,5,"True."
"2962","no","yes",168,6,"True."
"2964","no","yes",183.8,0,"False."
"2965","no","no",256.4,3,"True."
"2966","no","no",180.2,1,"False."
"2967","no","no",227.8,1,"False."
"2968","no","yes",147.8,0,"False."
"2969","no","no",234.9,1,"True."
"2970","no","no",110.9,2,"False."
"2971","no","yes",124.5,1,"False."
"2972","yes","no",233.5,0,"True."
"2973","no","yes",197.3,2,"True."
"2974","no","no",58.2,0,"False."
"2975","no","no",212.7,1,"False."
"2976","no","no",151.5,0,"False."
"2977","yes","no",146.3,1,"False."
"2978","no","no",195.1,0,"False."
"2980","no","no",135.7,7,"True."
"2981","no","no",225.9,3,"True."
"2982","no","no",122.2,1,"False."
"2983","no","no",153.3,2,"False."
"2984","no","no",214,1,"False."
"2985","no","no",194.8,1,"False."
"2986","no","no",206.7,3,"False."
"2988","yes","no",122.3,3,"True."
"2991","no","yes",172.9,1,"False."
"2992","yes","no",156.4,1,"False."
"2993","no","yes",128.1,1,"False."
"2994","no","no",196.6,1,"False."
"2996","no","yes",194.9,2,"False."
"2997","no","yes",44.9,1,"False."
"2998","no","yes",262.8,0,"False."
"2999","no","no",211.2,0,"False."
"3000","no","no",204,1,"False."
"3001","no","no",223.2,3,"False."
"3002","no","no",119,1,"False."
"3003","no","no",266.1,3,"True."
"3004","no","no",134.4,1,"False."
"3006","no","no",170.5,2,"False."
"3007","no","no",178.5,1,"False."
"3009","no","yes",232.8,0,"False."
"3010","no","yes",239.9,5,"False."
"3012","no","yes",153.5,1,"False."
"3013","no","no",109.8,1,"False."
"3014","no","no",196.1,2,"False."
"3015","no","no",166.8,0,"False."
"3016","no","yes",113.2,2,"False."
"3017","no","no",203,1,"False."
"3018","no","no",242.8,5,"False."
"3019","no","no",156.5,2,"False."
"3020","no","no",266.7,3,"True."
"3025","no","no",118.6,1,"False."
"3026","no","yes",197.6,2,"False."
"3027","no","yes",210.3,6,"False."
"3028","no","yes",220.3,4,"False."
"3029","no","no",150,1,"False."
"3030","no","yes",161.7,0,"False."
"3031","no","no",191.4,3,"False."
"3033","no","no",109.4,1,"False."
"3034","no","no",144.1,1,"False."
"3035","no","yes",248.9,1,"False."
"3036","no","no",85.7,4,"True."
"3039","no","yes",110,2,"False."
"3041","no","no",145.6,0,"False."
"3043","no","no",216.8,0,"False."
"3044","no","no",201.9,1,"False."
"3045","no","no",146.4,1,"False."
"3046","no","no",272.7,2,"True."
"3050","no","no",130.6,3,"False."
"3051","no","no",158.4,4,"True."
"3052","no","no",166.5,1,"False."
"3053","no","no",129.3,2,"False."
"3057","no","no",263.4,2,"False."
"3058","no","no",94.2,1,"False."
"3062","no","no",222,2,"False."
"3063","no","yes",222.8,0,"False."
"3064","no","yes",190,1,"False."
"3065","no","no",271.8,4,"True."
"3066","no","yes",195.4,3,"False."
"3067","no","no",199.6,3,"False."
"3069","no","yes",160.6,2,"False."
"3070","no","yes",158.7,1,"False."
"3071","no","no",154.5,3,"True."
"3072","no","yes",192.3,1,"False."
"3073","no","no",305.1,0,"True."
"3074","no","yes",193,2,"False."
"3075","no","no",72.5,1,"False."
"3076","no","yes",105.2,2,"False."
"3078","no","yes",214.7,0,"False."
"3079","no","no",86.8,1,"False."
"3080","no","no",131.5,5,"True."
"3081","no","no",135.4,0,"False."
"3082","no","no",174.3,6,"False."
"3083","no","no",203.9,3,"False."
"3084","no","no",235.5,0,"False."
"3085","no","no",157,2,"False."
"3086","yes","no",111.9,3,"False."
"3087","yes","no",236.3,3,"False."
"3088","no","no",163.6,0,"False."
"3089","no","yes",213.6,1,"False."
"3090","no","yes",143.4,3,"False."
"3092","no","no",97.1,1,"False."
"3094","no","no",226.3,2,"True."
"3095","no","no",133.8,1,"False."
"3096","no","yes",190.3,1,"False."
"3098","no","no",185.4,2,"False."
"3099","no","no",179.5,0,"False."
"3100","no","no",158,0,"False."
"3102","no","yes",134.2,1,"False."
"3103","no","yes",125.2,3,"False."
"3104","no","no",195.9,2,"False."
"3105","no","yes",214.2,0,"False."
"3106","no","no",221.1,0,"False."
"3107","no","yes",132,1,"False."
"3108","no","no",157.6,1,"False."
"3109","no","yes",110.3,2,"False."
"3110","yes","no",161.5,0,"False."
"3111","no","yes",171.8,1,"False."
"3113","no","no",139.3,7,"True."
"3115","no","no",139,0,"False."
"3116","no","no",234.8,4,"False."
"3117","no","no",187.6,1,"False."
"3119","no","yes",177.1,1,"False."
"3120","no","no",117.9,0,"False."
"3121","no","yes",247.6,2,"False."
"3122","no","no",169.9,1,"False."
"3123","no","no",185,3,"False."
"3124","no","yes",204.9,0,"False."
"3127","no","no",239.3,0,"False."
"3128","no","no",113.3,4,"True."
"3130","no","yes",133.3,2,"False."
"3131","no","yes",170.7,3,"False."
"3132","no","no",189.7,5,"False."
"3134","no","no",124.4,2,"False."
"3135","no","no",146.9,3,"False."
"3136","no","no",192.6,1,"False."
"3137","no","yes",96.3,1,"False."
"3138","no","no",131.9,3,"False."
"3140","no","no",143.1,2,"False."
"3141","no","no",280.4,5,"False."
"3142","no","yes",237.2,1,"False."
"3143","no","no",184.2,2,"False."
"3144","no","no",109.1,3,"False."
"3145","no","no",138.1,5,"True."
"3147","no","no",155.4,1,"False."
"3148","no","no",245.3,4,"False."
"3149","yes","no",205.9,0,"True."
"3150","no","no",207.2,1,"False."
"3151","no","yes",151.5,2,"False."
"3152","no","no",221.9,0,"True."
"3153","no","no",190,1,"False."
"3154","no","no",220.8,2,"False."
"3155","no","yes",173.7,2,"False."
"3156","no","no",114.8,2,"False."
"3157","no","no",113.8,3,"False."
"3159","no","no",184.4,3,"False."
"3160","no","no",227.4,1,"False."
"3161","no","no",224,0,"False."
"3162","no","no",216.2,2,"False."
"3163","no","no",129.9,0,"False."
"3165","no","no",204.4,1,"False."
"3166","no","yes",216.6,1,"False."
"3167","no","no",247.5,2,"True."
"3169","no","no",225.9,1,"True."
"3170","no","no",103.5,4,"True."
"3175","no","yes",29.9,2,"False."
"3177","no","no",141.4,0,"False."
"3179","no","no",190.5,0,"False."
"3180","no","no",192.6,1,"False."
"3182","no","no",215.6,5,"False."
"3183","no","no",180,3,"False."
"3184","no","no",157.3,2,"False."
"3185","no","no",196.5,0,"False."
"3186","no","no",240.3,0,"False."
"3187","no","no",193.3,3,"False."
"3188","no","yes",211.9,1,"False."
"3190","yes","no",246.8,0,"True."
"3191","no","no",174.7,6,"True."
"3192","no","no",240,0,"True."
"3195","no","yes",174.7,0,"False."
"3196","no","yes",211.1,2,"False."
"3197","no","no",169.3,1,"False."
"3199","no","yes",131.2,2,"False."
"3200","no","no",161.4,1,"False."
"3201","yes","no",107.2,1,"False."
"3202","no","yes",211.9,1,"False."
"3204","no","yes",230.7,1,"False."
"3205","no","no",232.6,1,"False."
"3206","no","no",294.7,1,"True."
"3207","no","no",133.4,1,"False."
"3208","no","yes",306.2,0,"False."
"3209","no","no",236.8,2,"False."
"3210","yes","yes",125.7,3,"True."
"3211","yes","no",168.4,1,"False."
"3213","no","yes",105,0,"False."
"3215","yes","no",180.9,3,"False."
"3216","no","yes",156.6,1,"False."
"3217","no","yes",180.5,0,"False."
"3218","no","yes",238.8,1,"False."
"3220","no","yes",139.6,2,"False."
"3221","no","yes",200.3,0,"False."
"3223","yes","yes",128.2,3,"False."
"3225","no","no",226.4,3,"True."
"3226","no","no",251.9,2,"False."
"3228","no","no",153.7,0,"False."
"3229","no","no",232.1,5,"False."
"3230","no","no",201.9,1,"False."
"3232","no","yes",196.6,1,"False."
"3233","no","no",232.1,1,"False."
"3236","no","yes",141,3,"False."
"3237","no","yes",245,0,"False."
"3238","yes","no",140.8,1,"False."
"3239","no","no",255.1,3,"True."
"3240","no","yes",125,2,"False."
"3241","no","no",180.6,1,"False."
"3242","yes","no",248.7,1,"True."
"3243","no","yes",178.1,0,"False."
"3244","yes","no",122.2,5,"True."
"3245","no","no",231.3,1,"False."
"3246","no","no",111.2,3,"False."
"3247","yes","yes",103.2,0,"True."
"3248","no","no",138.4,4,"True."
"3249","no","no",146.3,0,"False."
"3250","no","no",206.3,0,"False."
"3251","no","no",132,0,"False."
"3253","no","no",185.3,0,"False."
"3254","no","yes",154.8,1,"False."
"3255","no","yes",179.2,1,"False."
"3256","yes","no",286.2,2,"True."
"3259","no","no",243,2,"False."
"3260","no","no",134.9,1,"False."
"3262","no","no",175.1,1,"False."
"3264","no","no",132.4,2,"False."
"3265","no","yes",97.8,0,"False."
"3266","no","no",266.9,3,"True."
"3268","no","no",200.2,1,"False."
"3269","no","no",289.1,2,"True."
"3270","yes","no",198.4,1,"False."
"3271","no","no",180.3,2,"False."
"3272","no","no",86.3,2,"False."
"3274","no","no",240.9,3,"False."
"3275","no","no",207.7,1,"False."
"3276","no","yes",128.5,1,"False."
"3277","no","yes",224.4,1,"False."
"3278","no","no",164.9,2,"False."
"3279","no","no",238,2,"False."
"3280","no","yes",231,2,"False."
"3281","no","no",107.3,4,"True."
"3282","no","no",185,1,"False."
"3283","no","yes",244.1,3,"False."
"3284","no","no",238.4,3,"False."
"3285","no","yes",141.1,1,"False."
"3287","no","yes",220.1,0,"False."
"3289","no","no",109.5,1,"False."
"3290","no","no",187.2,1,"False."
"3291","no","no",107.9,0,"False."
"3292","yes","yes",172.1,1,"True."
"3295","no","no",51.1,1,"False."
"3296","no","no",227.7,1,"False."
"3297","no","no",203.8,1,"False."
"3298","no","yes",241.7,1,"False."
"3299","no","no",78.1,1,"False."
"3301","no","yes",127.1,1,"False."
"3302","no","no",280,0,"True."
"3303","yes","no",153.2,1,"False."
"3304","no","yes",137.1,2,"False."
"3305","yes","no",186.1,4,"True."
"3306","no","yes",224.1,2,"False."
"3307","no","yes",83.6,1,"False."
"3308","no","no",203.9,4,"False."
"3309","no","no",211.3,1,"False."
"3310","yes","no",219.4,4,"False."
"3312","no","no",147.7,2,"False."
"3313","no","no",229.9,2,"False."
"3315","no","no",178.7,1,"False."
"3316","no","yes",148.5,0,"False."
"3317","no","yes",164.1,0,"False."
"3318","yes","no",197.2,1,"False."
"3319","no","no",124.9,2,"False."
"3320","no","no",115.4,3,"False."
"3321","yes","no",140,4,"True."
"3322","no","no",193.9,3,"False."
"3323","no","no",321.1,4,"True."
"3324","no","no",118.4,5,"True."
"3325","no","no",169.8,1,"False."
"3326","no","no",193.4,2,"False."
"3327","no","no",106.6,1,"False."
"3328","no","no",134.7,2,"False."
"3331","no","no",180.8,2,"False."
"3332","yes","no",213.8,2,"False."
"3333","no","yes",234.4,0,"False."
